article_id,tfidf_1,tfidf_2,tfidf_3,tfidf_4,tfidf_5,tfidf_6,tfidf_7,tfidf_8,tfidf_9,tfidf_10,tfidf_11,tfidf_12,tfidf_13,tfidf_14,tfidf_15,tfidf_16,tfidf_17,tfidf_18,tfidf_19,tfidf_20
A0001,0.217,0.948,0.163,0.113,0.088,0.705,0.578,0.368,0.211,0.9,0.239,0.636,0.903,0.311,0.515,0.57,0.418,0.024,0.294,0.096
A0002,0.661,0.923,0.506,0.465,0.225,0.318,0.126,0.447,0.859,0.235,0.978,0.877,0.286,0.081,0.255,0.231,0.183,0.621,0.983,0.135
A0003,0.199,0.301,0.488,0.448,0.611,0.136,0.423,0.088,0.122,0.836,0.764,0.912,0.078,0.805,0.266,0.008,0.313,0.11,0.351,0.771
A0004,0.013,0.61,0.16,0.341,0.548,0.848,0.393,0.051,0.049,0.281,0.787,0.525,0.105,0.399,0.515,0.702,0.329,0.873,0.724,0.63
A0005,0.5,0.512,0.712,0.306,0.407,0.438,0.649,0.906,0.881,0.322,0.061,0.043,0.893,0.642,0.053,0.486,0.045,0.232,0.313,0.668
A0006,0.542,0.798,0.398,0.218,0.085,0.938,0.344,0.479,0.252,0.251,0.423,0.781,0.719,0.366,0.118,0.258,0.073,0.052,0.224,0.72
A0007,0.934,0.548,0.21,0.981,0.909,0.535,0.552,0.997,0.252,0.381,0.27,0.691,0.136,0.543,0.377,0.024,0.181,0.149,0.917,0.133
A0008,0.803,0.03,0.774,0.609,0.293,0.742,0.175,0.855,0.069,0.464,0.586,0.09,0.602,0.475,0.169,0.63,0.433,0.166,0.606,0.948
A0009,0.9,0.721,0.255,0.667,0.618,0.318,0.573,0.281,0.076,0.266,0.712,0.4,0.36,0.959,0.11,0.731,0.545,0.966,0.476,0.526
A0010,0.925,0.511,0.939,0.622,0.219,0.272,0.075,0.704,0.118,0.166,0.439,0.099,0.099,0.784,0.834,0.21,0.903,0.0,0.454,0.798
A0011,0.644,0.93,0.432,0.453,0.681,0.168,0.17,0.906,0.085,0.782,0.499,0.372,0.104,0.042,0.949,0.983,0.42,0.513,0.562,0.079
A0012,0.222,0.885,0.887,0.118,0.159,0.238,0.0,0.689,0.067,0.636,0.024,0.358,0.067,0.224,0.088,0.993,0.785,0.429,0.672,0.932
A0013,0.491,0.723,0.255,0.562,0.656,0.038,0.627,0.625,0.645,0.928,0.928,0.923,0.577,0.732,0.991,0.671,0.435,0.351,0.497,0.85
A0014,0.259,0.549,0.33,0.694,0.1,0.258,0.339,0.042,0.43,0.564,0.416,0.92,0.679,0.688,0.964,0.253,0.719,0.288,0.327,0.389
A0015,0.866,0.071,0.697,0.936,0.928,0.918,0.981,0.022,0.7,0.743,0.43,0.813,0.482,0.667,0.43,0.479,0.688,0.24,0.497,0.302
A0016,0.178,0.996,0.096,0.908,0.644,0.328,0.594,0.347,0.988,0.665,0.647,0.673,0.258,0.716,0.102,0.015,0.029,0.874,0.541,0.196
A0017,0.046,0.7,0.91,0.942,0.702,0.626,0.692,0.713,0.476,0.397,0.266,0.837,0.436,0.361,0.509,0.851,0.344,0.188,0.543,0.409
A0018,0.124,0.253,0.22,1.0,0.781,0.84,0.842,0.805,0.516,0.295,0.459,0.373,0.456,0.284,0.175,0.336,0.419,0.368,0.47,0.965
A0019,0.039,0.561,0.732,0.789,0.344,0.899,0.723,0.92,0.387,0.074,0.073,0.002,0.937,0.913,0.592,0.9,0.362,0.864,0.236,0.138
A0020,0.504,0.792,0.681,0.414,0.231,0.696,0.336,0.059,0.585,0.058,0.413,0.511,0.344,0.881,0.01,0.767,0.945,0.259,0.162,0.065
A0021,0.94,0.302,0.114,0.48,0.365,0.733,0.044,0.874,0.77,0.573,0.191,0.957,0.033,0.358,0.332,0.761,0.052,0.174,0.351,0.51
A0022,0.915,0.507,0.825,0.63,0.353,0.861,0.93,0.783,0.169,0.734,0.747,0.364,0.948,0.893,0.528,0.874,0.833,0.271,0.763,0.969
A0023,0.841,0.275,0.168,0.06,0.975,0.547,0.967,0.629,0.463,0.915,0.565,0.393,0.319,0.926,0.245,0.937,0.5,0.042,0.928,0.697
A0024,0.817,0.179,0.219,0.799,0.409,0.066,0.503,0.398,0.662,0.777,0.83,0.773,0.004,0.173,0.468,0.23,0.19,0.582,0.903,0.168
A0025,0.119,0.307,0.471,0.151,0.735,0.247,0.013,0.418,0.398,0.657,0.633,0.972,0.981,0.199,0.828,0.274,0.053,0.241,0.337,0.943
A0026,0.632,0.345,0.975,0.443,0.121,0.063,0.049,0.105,0.033,0.249,0.417,0.757,0.307,0.3,0.06,0.721,0.17,0.208,0.228,0.865
A0027,0.278,0.453,0.277,0.322,0.926,0.719,0.251,0.778,0.053,0.47,0.907,0.318,0.902,0.492,0.768,0.369,0.68,0.574,0.078,0.146
A0028,0.544,0.649,0.502,0.451,0.273,0.162,0.946,0.011,0.797,0.541,0.502,0.32,0.849,0.684,0.208,0.588,0.353,0.797,0.128,0.45
A0029,0.118,0.273,0.742,0.871,0.604,0.722,0.374,0.393,0.376,0.737,0.077,0.72,0.888,0.961,0.078,0.57,0.538,0.17,0.722,0.006
A0030,0.54,0.564,0.065,0.045,0.769,0.393,0.375,0.72,0.222,0.622,0.573,0.808,0.631,0.552,0.799,0.36,0.954,0.35,0.212,0.646
A0031,0.164,0.149,0.933,0.307,0.131,0.965,0.517,0.0,0.044,0.529,0.776,0.662,0.397,0.676,0.688,0.965,0.046,0.582,0.825,0.109
A0032,0.56,0.281,0.511,0.254,0.755,0.764,0.881,0.041,0.956,0.073,0.321,0.689,0.586,0.931,0.013,0.472,0.541,0.307,0.545,0.164
A0033,0.254,0.92,0.261,0.782,0.802,0.323,0.488,0.517,0.89,0.496,0.506,0.375,0.322,0.695,0.46,0.311,0.581,0.494,0.802,0.518
A0034,0.029,0.157,0.863,0.177,0.508,0.658,0.758,0.653,0.136,0.725,0.466,0.85,0.391,0.352,0.567,0.218,0.417,0.138,0.759,0.706
A0035,0.948,0.262,0.983,0.085,0.628,0.07,0.8,0.076,0.102,0.348,0.293,0.4,0.66,0.174,0.102,0.019,0.15,0.397,0.252,0.438
A0036,0.227,0.426,0.786,0.752,0.104,0.644,0.105,0.204,0.613,0.592,0.536,0.588,0.426,0.097,0.698,0.135,0.944,0.838,0.026,0.312
A0037,0.426,0.8,0.837,0.994,0.548,0.607,0.18,0.195,0.144,0.998,0.665,0.925,0.55,0.502,0.466,0.567,0.09,0.994,0.395,0.863
A0038,0.47,0.054,0.551,0.288,0.418,0.602,0.572,0.144,0.471,0.82,0.863,0.686,0.71,0.75,0.733,0.315,0.847,0.02,0.813,0.382
A0039,0.45,0.974,0.685,0.127,0.78,0.835,0.908,0.341,0.665,0.22,0.199,0.186,0.524,0.924,0.18,0.326,0.838,0.286,0.355,0.644
A0040,0.62,0.926,0.144,0.772,0.04,0.41,0.102,0.104,0.468,0.102,0.875,0.078,0.032,0.394,0.319,0.574,0.647,0.628,0.215,0.715
A0041,0.172,0.073,0.44,0.443,0.766,0.759,0.153,0.061,0.183,0.877,0.293,0.672,0.282,0.335,0.268,0.468,0.913,0.665,0.104,0.261
A0042,0.029,0.168,0.396,0.686,0.895,0.184,0.171,0.828,0.919,0.502,0.162,0.988,0.295,0.072,0.251,0.733,0.461,0.104,0.327,0.827
A0043,0.431,0.575,0.561,0.231,0.816,0.288,0.476,0.057,0.187,0.551,0.2,0.758,0.301,0.561,0.179,0.174,0.562,0.393,0.288,0.01
A0044,0.886,0.211,0.295,0.59,0.252,0.45,0.102,0.887,0.656,0.499,0.556,0.111,0.553,0.427,0.895,0.58,0.663,0.962,0.54,0.252
A0045,0.046,0.329,0.34,0.412,0.418,0.194,0.411,0.624,0.318,0.83,0.332,0.627,0.727,0.757,0.866,0.221,0.454,0.785,0.476,0.005
A0046,0.978,0.714,0.706,0.407,0.549,0.143,0.869,0.336,0.867,0.5,0.278,0.383,0.54,0.641,0.961,0.584,0.251,0.822,0.641,0.353
A0047,0.072,0.184,0.806,0.169,0.793,0.26,0.034,0.836,0.763,0.502,0.571,0.629,0.622,0.168,0.519,0.426,0.687,0.535,0.249,0.178
A0048,0.587,0.673,0.436,0.057,0.039,0.376,0.205,0.301,0.425,0.808,0.305,0.144,0.194,0.407,0.651,0.038,0.677,0.904,0.663,0.554
A0049,0.488,0.658,0.773,0.136,0.229,0.713,0.358,0.824,0.219,0.308,0.998,0.606,0.229,0.915,0.178,0.759,0.573,0.062,0.487,0.902
A0050,0.555,0.509,0.002,0.547,0.947,0.026,0.701,0.271,0.473,0.654,0.469,0.177,0.504,0.326,0.673,0.497,0.315,0.644,0.94,0.879
A0051,0.052,0.893,0.283,0.001,0.178,0.312,0.344,0.096,0.599,0.618,0.094,0.868,0.98,0.739,0.75,0.379,0.436,0.312,0.985,0.269
A0052,0.777,0.546,0.764,0.745,0.719,0.767,0.184,0.364,0.114,0.239,0.312,0.615,0.329,0.335,0.552,0.336,0.227,0.112,0.682,0.445
A0053,0.848,0.011,0.684,0.654,0.154,0.664,0.088,0.476,0.464,0.914,0.226,0.951,0.941,0.168,0.662,0.391,0.945,0.339,0.91,0.351
A0054,0.611,0.262,0.424,0.275,0.797,0.568,0.712,0.366,0.656,0.224,0.2,0.064,0.797,0.566,0.842,0.599,0.012,0.301,0.955,0.687
A0055,0.667,0.889,0.112,0.334,0.472,0.906,0.027,0.875,0.813,0.216,0.395,0.514,0.658,0.367,0.242,0.392,0.761,0.649,0.952,0.193
A0056,0.423,0.886,0.696,0.695,0.935,0.078,0.929,0.772,0.742,0.193,0.949,0.279,0.304,0.345,0.765,0.42,0.176,0.794,0.746,0.61
A0057,0.339,0.107,0.713,0.873,0.242,0.44,0.905,0.648,0.798,0.016,0.642,0.633,0.436,0.788,0.774,0.805,0.013,0.69,0.968,0.398
A0058,0.348,0.987,0.931,0.071,0.247,0.316,0.144,0.497,0.153,0.915,0.552,0.713,0.891,0.483,0.599,0.611,0.628,0.977,0.992,0.931
A0059,0.024,0.732,0.438,0.501,0.756,0.789,0.922,0.123,0.312,0.776,0.313,0.113,0.479,0.586,0.451,0.761,0.019,0.37,0.392,0.393
A0060,0.276,0.347,0.497,0.525,0.981,0.252,0.133,0.223,0.043,0.718,0.131,0.799,0.473,0.095,0.188,0.85,0.651,0.451,0.736,0.916
A0061,0.417,0.55,0.701,0.486,0.622,0.774,0.54,0.51,0.029,0.498,0.11,0.035,0.495,0.274,0.402,0.109,0.349,0.119,0.767,0.225
A0062,0.04,0.228,0.029,0.441,0.781,0.799,0.492,0.159,0.375,0.242,0.245,0.996,0.802,0.142,0.654,0.264,0.143,0.68,0.579,0.584
A0063,0.036,0.967,0.483,0.592,0.881,0.425,0.501,0.863,0.278,0.04,0.753,0.384,0.233,0.373,0.378,0.562,0.222,0.506,0.129,0.316
A0064,0.592,0.86,0.258,0.685,0.978,0.499,0.189,0.576,0.437,0.828,0.16,0.884,0.104,0.413,0.888,0.502,0.025,0.596,0.879,0.341
A0065,0.308,0.296,0.999,0.311,0.739,0.699,0.363,0.806,0.519,0.558,0.317,0.769,0.427,0.426,0.303,0.296,0.379,0.364,0.707,0.969
A0066,0.727,0.997,0.357,0.315,0.712,0.075,0.548,0.396,0.735,0.073,0.097,0.88,0.152,0.705,0.744,0.286,0.728,0.751,0.447,0.504
A0067,0.038,0.406,0.491,0.233,0.632,0.864,0.842,0.485,0.114,0.04,0.144,0.541,0.68,0.923,0.412,0.731,0.108,0.602,0.147,0.289
A0068,0.411,0.935,0.91,0.427,0.311,0.859,0.884,0.613,0.875,0.336,0.687,0.825,0.885,0.154,0.561,0.382,0.71,0.279,0.084,0.156
A0069,0.355,0.293,0.751,0.797,0.714,0.725,0.465,0.345,0.066,0.106,0.95,0.29,0.617,0.999,0.518,0.309,0.095,0.115,0.126,0.996
A0070,0.007,0.013,0.329,0.637,0.05,0.043,0.635,0.641,0.953,0.363,0.295,0.214,0.463,0.218,0.407,0.845,0.525,0.337,0.703,0.816
A0071,0.676,0.987,0.524,0.103,0.792,0.863,0.969,0.456,0.76,0.054,0.957,0.745,0.746,0.13,0.219,0.195,0.238,0.609,0.582,0.293
A0072,0.843,0.372,0.871,0.145,0.877,0.402,0.838,0.307,0.405,0.327,0.736,0.631,0.369,0.711,0.453,0.879,0.301,0.318,0.611,0.216
A0073,0.934,0.505,0.388,0.074,0.815,0.171,0.541,0.206,0.081,0.206,0.932,0.852,0.403,0.123,0.05,0.173,0.254,0.1,0.997,0.227
A0074,0.179,0.13,0.689,0.351,0.515,0.206,0.883,0.388,0.475,0.149,0.763,0.939,0.484,0.766,0.543,0.894,0.028,0.186,0.268,0.239
A0075,0.269,0.06,0.176,0.142,0.976,0.975,0.765,0.271,0.2,0.954,0.129,0.357,0.482,0.813,0.924,0.151,0.929,0.847,0.278,0.256
A0076,0.25,0.248,0.711,0.162,0.872,0.163,0.858,0.07,0.208,0.834,0.393,0.521,0.111,0.413,0.863,0.919,0.85,0.09,0.604,0.706
A0077,0.885,0.2,0.323,0.206,0.229,0.216,0.149,0.852,0.523,0.816,0.871,0.423,0.403,0.277,0.669,0.107,0.826,0.814,0.206,0.137
A0078,0.083,0.118,0.574,0.837,0.029,0.318,0.249,0.678,0.186,0.086,0.934,0.876,0.963,0.12,0.698,0.187,0.807,0.55,0.119,0.974
A0079,0.733,0.733,0.466,0.065,0.117,0.611,0.5,0.116,0.72,0.258,0.657,0.425,0.018,0.791,0.899,0.839,0.631,0.859,0.498,0.38
A0080,0.51,0.12,0.083,0.663,0.39,0.759,0.535,0.039,0.423,0.167,0.16,0.534,0.524,0.041,0.18,0.2,0.508,0.134,0.552,0.453
A0081,0.778,0.555,0.286,0.504,0.201,0.957,0.302,0.007,0.758,0.065,0.486,0.992,0.653,0.903,0.854,0.076,0.818,0.968,0.035,0.743
A0082,0.802,0.322,0.852,0.131,0.615,0.412,0.776,0.976,0.253,0.626,0.369,0.185,0.712,0.684,0.774,0.618,0.09,0.032,0.465,0.006
A0083,0.923,0.164,0.464,0.684,0.48,0.011,0.159,0.234,0.473,0.336,0.532,0.43,0.519,0.083,0.817,0.513,0.944,0.524,0.025,0.738
A0084,0.971,0.367,0.391,0.75,0.62,0.471,0.02,0.598,0.375,0.485,0.147,0.319,0.309,0.25,0.93,0.654,0.026,0.182,0.928,0.455
A0085,0.433,0.92,0.584,0.398,0.726,0.601,0.278,0.305,0.834,0.224,0.962,0.955,0.447,0.847,0.787,0.772,0.241,0.004,0.584,0.768
A0086,0.156,0.636,0.701,0.269,0.6,0.28,0.61,0.674,0.132,0.176,0.485,0.372,0.025,0.649,0.681,0.115,0.54,0.202,0.305,0.361
A0087,0.38,0.521,0.496,0.449,0.845,0.99,0.666,0.695,0.32,0.5,0.986,0.093,0.578,0.628,0.604,0.926,0.078,0.941,0.37,0.473
A0088,0.036,0.503,0.615,0.854,0.575,0.568,0.763,0.813,0.251,0.95,0.512,0.908,0.012,0.203,0.33,0.21,0.007,0.619,0.597,0.067
A0089,0.411,0.887,0.117,0.435,0.574,0.701,0.993,0.855,0.68,0.282,0.136,0.045,0.535,0.069,0.554,0.854,0.302,0.789,0.171,0.963
A0090,0.838,0.559,0.966,0.063,0.2,0.809,0.336,0.713,0.261,0.635,0.379,0.419,0.917,0.989,0.38,0.431,0.217,0.313,0.879,0.433
A0091,0.098,0.237,0.048,0.744,0.437,0.548,0.874,0.579,0.948,0.067,0.08,0.297,0.758,0.614,0.819,0.99,0.169,0.39,0.163,0.444
A0092,0.618,0.652,0.17,0.973,0.579,0.176,0.67,0.013,0.326,0.424,0.243,0.157,0.213,0.498,0.365,0.407,0.939,0.092,0.247,0.919
A0093,0.596,0.994,0.278,0.537,0.344,0.837,0.817,0.162,0.797,0.056,0.325,0.123,0.289,0.502,0.012,0.932,0.994,0.856,0.028,0.12
A0094,0.386,0.661,0.72,0.084,0.677,0.227,0.334,0.964,0.92,0.982,0.81,0.031,0.372,0.901,0.714,0.932,0.89,0.062,0.079,0.305
A0095,0.316,0.867,0.364,0.047,0.753,0.38,0.763,0.803,0.341,0.01,0.99,0.441,0.1,0.883,0.841,0.168,0.455,0.546,0.004,0.551
A0096,0.529,0.115,0.739,0.104,0.767,0.99,0.138,0.503,0.45,0.92,0.788,0.071,0.488,0.831,0.105,0.948,0.872,0.942,0.152,0.038
A0097,0.248,0.292,0.779,0.852,0.866,0.532,0.126,0.679,0.923,0.376,0.328,0.401,0.32,0.342,0.656,0.485,0.895,0.539,0.33,0.473
A0098,0.033,0.166,0.032,0.022,0.568,0.678,0.237,0.489,0.753,0.931,0.332,0.725,0.505,0.914,0.082,0.63,0.581,0.817,0.334,0.081
A0099,0.336,0.241,0.268,0.57,0.694,0.574,0.847,0.554,0.389,0.552,0.115,0.58,0.082,0.678,0.045,0.359,0.034,0.54,0.881,0.904
A0100,0.266,0.346,0.51,0.544,0.883,0.098,0.503,0.718,0.558,0.419,0.351,0.707,0.664,0.947,0.608,0.908,0.74,0.411,0.629,0.562
A0101,0.615,0.314,0.645,0.627,0.657,0.278,0.257,0.282,0.02,0.959,0.367,0.945,0.357,0.14,0.046,0.792,0.223,0.328,0.797,0.021
A0102,0.869,0.868,0.898,0.574,0.597,0.054,0.887,0.514,0.811,0.376,0.12,0.602,0.656,0.146,0.851,0.171,0.395,0.59,0.194,0.778
A0103,0.231,0.07,0.442,0.898,0.465,0.6,0.616,0.313,0.152,0.878,0.22,0.356,0.941,0.819,0.652,0.546,0.296,0.165,0.453,0.653
A0104,0.206,0.953,0.082,0.626,0.996,0.901,0.154,0.775,0.678,0.536,0.936,0.972,0.58,0.041,0.906,0.147,0.688,0.639,0.835,0.483
A0105,0.091,0.12,0.501,0.771,0.274,0.703,0.489,0.758,0.814,0.481,0.294,0.563,0.159,0.817,0.315,0.074,0.531,0.983,0.584,0.811
A0106,0.755,0.706,0.898,0.798,0.852,0.951,0.866,0.504,0.271,0.471,0.325,0.678,0.928,0.231,0.483,0.779,0.95,0.043,0.458,0.618
A0107,0.137,0.757,0.065,0.696,0.032,0.045,0.308,0.621,0.303,0.129,0.968,0.173,0.251,0.088,0.325,0.296,0.916,0.594,0.066,0.458
A0108,0.669,0.516,0.82,0.517,0.369,0.838,0.819,0.888,0.415,0.478,0.245,0.99,0.966,0.948,0.893,0.182,0.814,0.686,0.931,0.064
A0109,0.533,0.673,0.482,0.208,0.182,0.093,0.392,0.044,0.316,0.98,0.384,0.776,0.146,0.858,0.043,0.139,0.137,0.074,0.981,0.853
A0110,0.14,0.714,0.56,0.611,0.074,0.655,0.094,0.436,0.31,0.97,0.553,0.056,0.28,0.853,0.28,0.541,0.788,0.956,0.406,0.443
A0111,0.443,0.453,0.286,0.095,0.648,0.605,0.807,0.284,0.739,0.98,0.965,0.751,0.586,0.792,0.86,0.347,0.433,0.972,0.182,0.343
A0112,0.293,0.698,0.96,0.352,0.573,0.134,0.757,0.31,0.81,0.111,0.703,0.144,0.695,0.365,0.329,0.294,0.295,0.614,0.178,0.165
A0113,0.482,0.934,0.368,0.365,0.362,0.494,0.997,0.096,0.482,0.313,0.388,0.757,0.976,0.289,0.214,0.865,0.818,0.209,0.435,0.35
A0114,0.532,0.492,0.071,0.792,0.704,0.937,0.478,0.819,0.413,0.355,0.168,0.545,0.939,0.054,0.13,0.637,0.073,0.141,0.934,0.672
A0115,0.291,0.167,0.538,0.163,0.416,0.68,0.784,0.334,0.473,0.536,0.733,0.517,0.685,0.219,0.683,0.878,0.807,0.273,0.253,0.127
A0116,0.893,0.782,0.64,0.193,0.094,0.062,0.652,0.81,0.465,0.917,0.073,0.652,0.603,0.983,0.045,0.845,0.014,0.71,0.008,0.531
A0117,0.462,0.774,0.003,0.681,0.0,0.845,0.858,0.705,0.581,0.902,0.618,0.775,0.081,0.936,0.299,0.884,0.528,0.396,0.295,0.693
A0118,0.374,0.194,0.367,0.627,0.907,0.743,0.082,0.453,0.762,0.336,0.916,0.563,0.798,0.697,0.681,0.405,0.368,0.581,0.317,0.099
A0119,0.597,0.201,0.93,0.77,0.358,0.127,0.156,0.498,0.333,0.882,0.695,0.151,0.017,0.906,0.845,0.217,0.531,0.151,0.219,0.263
A0120,0.339,0.424,0.85,0.069,0.794,0.261,0.559,0.043,0.326,0.11,0.59,0.705,0.899,0.006,0.986,0.212,0.075,0.074,0.076,0.544
A0121,0.791,0.831,0.814,0.836,0.803,0.842,0.451,0.054,0.288,0.27,0.887,0.109,0.13,0.601,0.333,0.929,0.11,0.388,0.95,0.323
A0122,0.029,0.288,0.312,0.458,0.006,0.735,0.473,0.11,0.185,0.356,0.962,0.472,0.405,0.979,0.338,0.683,0.263,0.265,0.112,0.907
A0123,0.251,0.155,0.085,0.204,0.608,0.5,0.371,0.833,0.621,0.425,0.535,0.566,0.852,0.234,0.971,0.271,0.351,0.427,0.768,0.06
A0124,0.767,0.158,0.439,0.699,0.247,0.53,0.919,0.522,0.59,0.158,0.732,0.767,0.089,0.496,0.313,0.211,0.338,0.531,0.992,0.019
A0125,0.731,0.774,0.855,0.183,0.959,0.59,0.322,0.656,0.623,0.22,0.229,0.884,0.85,0.199,0.935,0.32,0.47,0.821,0.325,0.487
A0126,0.402,0.406,0.791,0.134,0.549,0.238,0.241,0.719,0.728,0.928,0.143,0.162,0.079,0.887,0.308,0.252,0.913,0.454,0.471,0.249
A0127,0.715,0.952,0.768,0.936,0.568,0.915,0.936,0.265,0.893,0.021,0.82,0.401,0.34,0.086,0.926,0.367,0.475,0.711,0.072,0.242
A0128,0.832,0.194,0.549,0.295,0.342,0.367,0.548,0.424,0.643,0.722,0.801,0.986,0.949,0.202,0.686,0.083,0.028,0.112,0.747,0.496
A0129,0.049,0.986,0.435,0.241,0.787,0.781,0.109,0.274,0.955,0.356,0.846,0.462,0.323,0.49,0.148,0.274,0.383,0.628,0.086,0.403
A0130,0.638,0.421,0.169,0.853,0.331,0.218,0.061,0.98,0.687,0.665,0.529,0.29,0.023,0.498,0.102,0.309,0.534,0.634,0.698,0.224
A0131,0.7,0.612,0.035,0.463,0.294,0.445,0.951,0.277,0.836,0.835,0.348,0.029,0.657,0.993,0.088,0.38,0.228,0.058,0.561,0.02
A0132,0.077,0.366,0.123,0.347,0.972,0.851,0.351,0.634,0.773,0.254,0.628,0.987,0.518,0.418,0.495,0.695,0.935,0.044,0.567,0.833
A0133,0.31,0.403,0.914,0.891,0.301,0.421,0.646,0.258,0.714,0.843,0.487,0.247,0.195,0.322,0.581,0.852,0.303,0.233,0.07,0.873
A0134,0.798,0.046,0.12,0.433,0.721,0.708,0.002,0.594,0.26,0.011,0.444,0.134,0.171,0.717,0.899,0.486,0.681,0.089,0.534,0.92
A0135,0.377,0.652,0.084,0.913,0.384,0.405,0.713,0.243,0.457,0.798,0.505,0.234,0.587,0.023,0.94,0.65,0.889,0.122,0.233,0.172
A0136,0.586,0.51,0.819,0.804,0.4,0.761,0.187,0.981,0.601,0.957,0.466,0.676,0.331,0.208,0.228,0.504,0.107,0.973,0.955,0.336
A0137,0.612,0.031,0.89,0.037,0.518,0.912,0.264,0.572,0.688,0.882,0.452,0.555,0.763,0.679,0.377,0.387,0.947,0.004,0.368,0.966
A0138,0.376,0.985,0.666,0.514,0.057,0.594,0.904,0.326,0.733,0.758,0.684,0.875,0.518,0.102,0.338,0.357,0.633,0.409,0.533,0.263
A0139,0.639,0.117,0.944,0.62,0.927,0.695,0.543,0.63,0.905,0.045,0.368,0.755,0.119,0.976,0.511,0.013,0.084,0.71,0.579,0.005
A0140,0.666,0.705,0.204,0.463,0.771,0.743,0.132,0.977,0.794,0.05,0.414,0.815,0.804,0.19,0.281,0.481,0.013,0.377,0.47,0.763
A0141,0.118,0.273,0.172,0.394,0.967,0.603,0.116,0.279,0.06,0.273,0.974,0.441,0.926,0.998,0.418,0.168,0.212,0.246,0.393,0.633
A0142,0.506,0.017,0.288,0.495,0.595,0.842,0.28,0.733,0.915,0.737,0.712,0.228,0.788,0.839,0.522,0.018,0.661,0.171,0.551,0.538
A0143,0.593,0.273,0.059,0.429,0.798,0.183,0.321,0.287,0.183,0.928,0.83,0.658,0.185,0.344,0.834,0.828,0.424,0.634,0.382,0.952
A0144,0.426,0.457,0.255,0.233,0.339,0.752,0.917,0.074,0.121,0.632,0.84,0.665,0.834,0.917,0.167,0.308,0.457,0.107,0.512,0.527
A0145,0.38,0.575,0.222,0.737,0.615,0.016,0.964,0.887,0.43,0.618,0.105,0.559,0.133,0.431,0.623,0.597,0.647,0.992,0.87,0.875
A0146,0.635,0.33,0.456,0.981,0.013,0.644,0.2,0.829,0.818,0.736,0.363,0.398,0.062,0.671,0.928,0.556,0.305,0.126,0.716,0.09
A0147,0.193,0.799,0.108,0.332,0.084,0.929,0.272,0.407,0.118,0.565,0.339,0.168,0.489,0.384,0.719,0.282,0.073,0.234,0.96,0.132
A0148,0.21,0.828,0.45,0.259,0.55,0.975,0.084,0.798,0.933,0.874,0.779,0.356,0.942,0.843,0.91,0.125,0.23,0.243,0.578,0.535
A0149,0.705,0.541,0.291,0.701,0.524,0.872,0.718,0.751,0.241,0.558,0.177,0.303,0.865,0.464,0.323,0.374,0.79,0.265,0.142,0.6
A0150,0.975,0.173,0.648,0.762,0.081,0.801,0.589,0.971,0.505,0.597,0.823,0.513,0.429,0.999,0.654,0.714,0.32,0.47,0.694,0.338
A0151,0.596,0.49,0.154,0.036,0.9,0.101,0.961,0.162,0.85,0.999,0.065,0.642,0.114,0.334,0.474,0.557,0.104,0.932,0.986,0.977
A0152,0.556,0.951,0.027,0.093,0.304,0.657,0.309,0.963,0.257,0.585,0.211,0.069,0.579,0.785,0.804,0.063,0.441,0.427,0.802,0.81
A0153,0.459,0.645,0.073,0.46,0.918,0.717,0.781,0.655,0.175,0.67,0.591,0.746,0.14,0.469,0.118,0.577,0.591,0.174,0.668,0.294
A0154,0.996,0.901,0.857,0.872,0.58,0.855,0.838,0.247,0.969,0.484,0.259,0.602,0.294,0.659,0.652,0.305,0.352,0.334,0.296,0.055
A0155,0.289,0.243,0.214,0.937,0.325,0.656,0.74,0.792,0.824,0.451,0.064,0.048,0.651,0.882,0.655,0.459,0.63,0.28,0.95,0.505
A0156,0.499,0.339,0.919,0.747,0.291,0.178,0.481,0.247,0.589,0.881,0.904,0.113,0.215,0.943,0.916,0.093,0.038,0.163,0.013,0.878
A0157,0.043,0.39,0.268,0.218,0.634,0.564,0.627,0.164,0.782,0.375,0.489,0.263,0.457,0.075,0.187,0.148,0.846,0.746,0.595,0.802
A0158,0.983,0.476,0.908,0.856,0.727,0.891,0.444,0.578,0.231,0.056,0.339,0.037,0.748,0.777,0.331,0.711,0.597,0.137,0.68,0.292
A0159,0.719,0.228,0.658,0.901,0.075,0.79,0.193,0.161,0.31,0.286,0.044,0.72,0.743,0.895,0.53,0.788,0.564,0.328,0.949,0.57
A0160,0.466,0.383,0.179,0.254,0.828,0.45,0.335,0.212,0.121,0.834,0.431,0.596,0.613,0.208,0.069,0.909,0.936,0.339,0.574,0.809
A0161,0.713,0.451,0.284,0.892,0.819,0.364,0.664,0.749,0.873,0.598,0.54,0.001,0.092,0.957,0.911,0.354,0.011,0.623,0.062,0.147
A0162,0.307,0.415,0.942,0.209,0.887,0.846,0.891,0.503,0.048,0.33,0.67,0.965,0.169,0.664,0.309,0.324,0.496,0.196,0.007,0.958
A0163,0.396,0.094,0.417,0.546,0.73,0.647,0.385,0.694,0.883,0.377,0.158,0.693,0.296,0.087,0.847,0.543,0.739,0.597,0.265,0.885
A0164,0.529,0.777,0.494,0.396,0.143,0.34,0.411,0.405,0.197,0.526,0.706,0.12,0.206,0.712,0.128,0.598,0.254,0.669,0.831,0.253
A0165,0.607,0.022,0.168,0.274,0.169,0.611,0.193,0.295,0.626,0.148,0.615,0.679,0.406,0.994,0.047,0.923,0.18,0.532,0.53,0.281
A0166,0.456,0.063,0.464,0.066,0.2,0.62,0.005,0.254,0.887,0.95,0.889,0.432,0.107,0.264,0.349,0.689,0.36,0.688,0.441,0.015
A0167,0.602,0.653,0.712,0.576,0.706,0.198,0.876,0.555,0.265,0.168,0.494,0.557,0.276,0.846,0.698,0.98,0.82,0.347,0.587,0.21
A0168,0.069,0.96,0.071,0.183,0.654,0.523,0.219,0.129,0.839,0.396,0.157,0.747,0.892,0.967,0.741,0.539,0.9,0.566,0.605,0.114
A0169,0.722,0.965,0.776,0.338,0.498,0.506,0.914,0.561,0.816,0.27,0.968,0.881,0.444,0.079,0.724,0.905,0.173,0.783,0.317,0.532
A0170,0.211,0.009,0.815,0.238,0.201,0.658,0.348,0.699,0.116,0.601,0.38,0.858,0.753,0.555,0.279,0.142,0.176,0.284,0.231,0.796
A0171,0.177,0.386,0.663,0.673,0.609,0.495,0.0,0.529,0.715,0.142,0.966,0.622,0.183,0.566,0.117,0.607,0.791,0.488,0.326,0.59
A0172,0.427,0.325,0.528,0.049,0.399,0.52,0.796,0.345,0.292,0.913,0.695,0.988,0.426,0.271,0.687,0.511,0.228,0.146,0.366,0.672
A0173,0.829,0.374,0.07,0.201,0.645,0.513,0.659,0.953,0.166,0.244,0.068,0.428,0.524,0.649,0.929,0.412,0.686,0.055,0.094,0.989
A0174,0.906,0.239,0.171,0.617,0.273,0.026,0.334,0.7,0.723,0.031,0.607,0.512,0.864,0.084,0.476,0.929,0.352,0.922,0.539,0.334
A0175,0.058,0.946,0.32,0.823,0.45,0.87,0.976,0.317,0.839,0.171,0.107,0.565,0.968,0.774,0.854,0.309,0.38,0.939,0.713,0.211
A0176,0.9,0.143,0.935,0.738,0.801,0.667,0.32,0.294,0.955,0.595,0.304,0.461,0.437,0.367,0.491,0.505,0.094,0.557,0.921,0.794
A0177,0.012,0.58,0.299,0.821,0.71,0.661,0.737,0.68,0.44,0.882,0.135,0.706,0.066,0.996,0.574,0.983,0.818,0.297,0.201,0.886
A0178,0.712,0.6,0.068,0.3,0.188,0.704,0.661,0.839,0.011,0.209,0.887,0.531,0.189,0.069,0.846,0.26,0.231,0.929,0.782,0.234
A0179,0.776,0.427,0.671,0.587,0.123,0.676,0.122,0.193,0.525,0.834,0.829,0.501,0.254,0.071,0.816,0.322,0.345,0.569,0.509,0.129
A0180,0.684,0.428,0.868,0.565,0.413,0.448,0.59,0.512,0.44,0.407,0.699,0.302,0.851,0.481,0.538,0.673,0.053,0.408,0.651,0.716
A0181,0.582,0.263,0.743,0.993,0.487,0.842,0.619,0.318,0.116,0.783,0.64,0.492,0.786,0.703,0.74,0.348,0.659,0.857,0.517,0.57
A0182,0.005,0.269,0.775,0.388,0.207,0.794,0.031,0.364,0.678,0.045,0.195,0.777,0.703,0.268,0.928,0.428,0.182,0.464,0.476,0.584
A0183,0.837,0.801,0.062,0.504,0.126,0.403,0.69,0.042,0.558,0.046,0.681,0.885,0.991,0.868,0.369,0.446,0.963,0.487,0.859,0.676
A0184,0.884,0.222,0.685,0.434,0.536,0.932,0.353,0.527,0.76,0.853,0.492,0.683,0.18,0.197,0.32,0.17,0.692,0.41,0.776,0.322
A0185,0.46,0.898,0.045,0.505,0.166,0.606,0.198,0.525,0.366,0.274,0.173,0.446,0.442,0.968,0.285,0.163,0.037,0.565,0.412,0.166
A0186,0.208,0.951,0.854,0.062,0.68,0.349,0.873,0.26,0.198,0.731,0.907,0.444,0.328,0.458,0.875,0.017,0.216,0.517,0.473,0.072
A0187,0.823,0.667,0.194,0.908,0.192,0.538,0.307,0.545,0.165,0.246,0.805,0.993,0.578,0.176,0.28,0.028,0.895,0.691,0.499,0.087
A0188,0.106,0.615,0.57,0.134,0.175,0.699,0.774,0.277,0.37,0.973,0.304,0.908,0.986,0.233,0.875,0.904,0.671,0.678,0.218,0.222
A0189,0.461,0.493,0.914,0.435,0.968,0.613,0.406,0.609,0.208,0.996,0.666,0.133,0.16,0.661,0.749,0.547,0.401,0.576,0.143,0.224
A0190,0.729,0.412,0.135,0.908,0.156,0.841,0.848,0.456,0.901,0.633,0.984,0.22,0.638,0.739,0.507,0.687,0.519,0.085,0.357,0.222
A0191,0.484,0.41,0.094,0.703,0.293,0.812,0.208,0.724,0.109,0.559,0.745,0.518,0.578,0.232,0.445,0.741,0.634,0.389,0.307,0.952
A0192,0.773,0.541,0.303,0.227,0.379,0.903,0.545,0.858,0.361,0.661,0.102,0.27,0.491,0.726,0.849,0.229,0.443,0.523,0.252,0.056
A0193,0.289,0.999,0.015,0.071,0.043,0.719,0.205,0.333,0.635,0.512,0.298,0.656,0.796,0.472,0.492,0.315,0.448,0.984,0.203,0.936
A0194,0.125,0.449,0.27,0.498,0.947,0.357,0.662,0.161,0.677,0.906,0.027,0.833,0.417,0.94,0.447,0.66,0.571,0.475,0.595,0.8
A0195,0.817,0.061,0.812,0.432,0.723,0.091,0.781,0.282,0.874,0.511,0.081,0.976,0.936,0.188,0.605,0.943,0.339,0.32,0.474,0.013
A0196,0.167,0.049,0.267,0.441,0.525,0.568,0.859,0.29,0.914,0.699,0.543,0.017,0.299,0.251,0.583,0.354,0.461,0.857,0.429,0.808
A0197,0.869,0.707,0.691,0.712,0.568,0.642,0.906,0.13,0.724,0.88,0.047,0.867,0.438,0.583,0.868,0.82,0.057,0.542,0.67,0.137
A0198,0.232,0.772,0.349,0.4,0.415,0.073,0.803,0.586,0.773,0.856,0.283,0.061,0.71,0.899,0.294,0.33,0.229,0.448,0.961,0.951
A0199,0.173,0.748,0.845,0.195,0.167,0.464,0.422,0.154,0.938,0.897,0.289,0.641,0.061,0.451,0.045,0.543,0.112,0.36,0.319,0.584
A0200,0.077,0.879,0.064,0.958,0.684,0.592,0.183,0.353,0.025,0.831,0.702,0.149,0.118,0.275,0.633,0.871,0.619,0.385,0.268,0.263
A0201,0.513,0.388,0.191,0.368,0.496,0.24,0.751,0.854,0.531,0.597,0.344,0.788,0.722,0.172,0.064,0.239,0.215,0.091,0.15,0.129
A0202,0.373,0.416,0.181,0.337,0.551,0.268,0.92,0.582,0.57,0.937,0.996,0.373,0.088,0.887,0.463,0.142,0.283,0.643,0.193,0.927
A0203,0.573,0.162,0.015,0.105,0.447,0.825,0.558,0.278,0.257,0.887,0.868,0.801,0.486,0.389,0.701,0.061,0.41,0.758,0.117,0.131
A0204,0.395,0.79,0.08,0.527,0.328,0.955,0.068,0.578,0.999,0.089,0.003,0.235,0.731,0.604,0.596,0.558,0.979,0.226,0.996,0.351
A0205,0.56,0.124,0.221,0.92,0.448,0.665,0.434,0.178,0.376,0.663,0.742,0.913,0.732,0.913,0.481,0.595,0.182,0.427,0.495,0.284
A0206,0.982,0.512,0.446,0.17,0.062,0.579,0.067,0.377,0.227,0.491,0.275,0.131,0.629,0.656,0.632,0.49,0.593,0.517,0.676,0.763
A0207,0.442,0.295,0.773,0.054,0.505,0.63,0.558,0.769,0.908,0.878,0.545,0.638,0.364,0.286,0.203,0.573,0.617,0.187,0.784,0.938
A0208,0.306,0.458,0.206,0.488,0.266,0.946,0.621,0.486,0.232,0.644,0.644,0.986,0.4,0.892,0.99,0.881,0.495,0.022,0.805,0.583
A0209,0.64,0.262,0.514,0.202,0.69,0.603,0.037,0.239,0.694,0.742,0.558,0.121,0.873,0.115,0.307,0.097,0.236,0.256,0.914,0.404
A0210,0.441,0.804,0.015,0.342,0.657,0.686,0.506,0.199,0.083,0.315,0.147,0.936,0.585,0.968,0.877,0.836,0.961,0.206,0.344,0.777
A0211,0.236,0.38,0.018,0.632,0.917,0.544,0.108,0.489,0.94,0.95,0.799,0.321,0.887,0.721,0.486,0.727,0.298,0.01,0.151,0.297
A0212,0.071,0.801,0.24,0.015,0.793,0.353,0.679,0.937,0.854,0.076,0.988,0.541,0.885,0.835,0.898,0.918,0.565,0.848,0.075,0.287
A0213,0.461,0.599,0.507,0.779,0.309,0.193,0.954,0.676,0.41,0.579,0.97,0.916,0.415,0.704,0.646,0.719,0.312,0.014,0.692,0.647
A0214,0.941,0.428,0.012,0.739,0.147,0.592,0.912,0.557,0.208,0.983,0.162,0.701,0.433,0.668,0.922,0.546,0.016,0.924,0.805,0.682
A0215,0.781,0.32,0.254,0.263,0.416,0.872,0.59,0.379,0.546,0.412,0.355,0.444,0.007,0.394,0.671,0.606,0.717,0.463,0.337,0.442
A0216,0.724,0.16,0.752,0.398,0.72,0.233,0.145,0.371,0.456,0.587,0.771,0.559,0.397,0.157,0.221,0.553,0.67,0.733,0.413,0.786
A0217,0.987,0.588,0.051,0.192,0.921,0.142,0.645,0.691,0.496,0.202,0.019,0.735,0.096,0.598,0.726,0.605,0.234,0.455,0.43,0.797
A0218,0.992,0.336,0.128,0.337,0.304,0.328,0.672,0.566,0.376,0.376,0.382,0.315,0.644,0.912,0.398,0.943,0.786,0.627,0.004,0.914
A0219,0.282,0.258,0.166,0.264,0.905,0.735,0.09,0.118,0.281,0.952,0.097,0.473,0.075,0.445,0.227,0.124,0.536,0.305,0.205,0.849
A0220,0.216,0.637,0.384,0.791,0.248,0.516,0.149,0.581,0.155,0.356,0.92,0.566,0.227,0.007,0.048,0.024,0.113,0.255,0.259,0.172
A0221,0.902,0.996,0.07,0.723,0.049,0.419,0.558,0.125,0.443,0.33,0.87,0.667,0.677,0.006,0.945,0.161,0.273,0.381,0.226,0.012
A0222,0.448,0.768,0.377,0.783,0.91,0.68,0.474,0.115,0.576,0.672,0.95,0.512,0.425,0.615,0.063,0.858,0.198,0.87,0.436,0.353
A0223,0.375,0.545,0.651,0.876,0.527,0.276,0.198,0.104,0.369,0.06,0.106,0.046,0.908,0.172,0.912,0.4,0.959,0.028,0.752,0.123
A0224,0.123,0.811,0.435,0.47,0.179,0.769,0.632,0.969,0.292,0.907,0.1,0.116,0.376,0.625,0.761,0.789,0.79,0.853,0.492,0.571
A0225,0.311,0.634,0.908,0.113,0.93,0.896,0.179,0.358,0.931,0.101,0.836,0.006,0.255,0.244,0.326,0.935,0.465,0.701,0.67,0.424
A0226,0.599,0.393,0.403,0.614,0.137,0.458,0.602,0.031,0.218,0.937,0.265,0.892,0.883,0.844,0.954,0.011,0.246,0.033,0.278,0.13
A0227,0.146,0.556,0.628,0.324,0.699,0.835,0.342,0.194,0.564,0.732,0.155,0.157,0.486,0.752,0.804,0.683,0.563,0.283,0.111,0.577
A0228,0.621,0.054,0.936,0.166,0.025,0.408,0.001,0.285,0.833,0.042,0.807,0.78,0.495,0.227,0.826,0.707,0.674,0.745,0.08,0.517
A0229,0.285,0.317,0.828,0.655,0.983,0.057,0.787,0.959,0.958,0.48,0.414,0.756,0.246,0.809,0.116,0.283,0.225,0.249,0.321,0.284
A0230,0.542,0.337,0.13,0.065,0.926,0.77,0.93,0.485,0.288,0.558,0.758,0.786,0.996,0.571,0.212,0.719,0.881,0.865,0.992,0.886
A0231,0.602,0.466,0.221,0.16,0.347,0.399,0.905,0.043,0.528,0.415,0.02,0.999,0.697,0.372,0.234,0.868,0.844,0.851,0.087,0.925
A0232,0.035,0.075,0.998,0.229,0.704,0.249,0.273,0.014,0.368,0.115,0.12,0.406,0.906,0.392,0.554,0.608,0.748,0.154,0.668,0.293
A0233,0.938,0.573,0.895,0.409,0.067,0.465,0.726,0.335,0.973,0.051,0.996,0.484,0.239,0.932,0.187,0.737,0.36,0.237,0.316,0.598
A0234,0.191,0.815,0.678,0.311,0.256,0.73,0.137,0.082,0.121,0.71,0.853,0.082,1.0,0.262,0.843,0.264,0.194,0.446,0.784,0.593
A0235,0.736,0.671,0.152,0.042,0.728,0.505,0.144,0.631,0.997,0.934,0.771,0.6,0.681,0.848,0.68,0.61,0.596,0.838,0.064,0.281
A0236,0.111,0.894,0.773,0.537,0.877,0.452,0.463,0.364,0.703,0.488,0.62,0.997,0.521,0.018,0.307,0.35,0.884,0.543,0.996,0.563
A0237,0.582,0.924,0.106,0.49,0.408,0.889,0.086,0.716,0.312,0.731,0.931,0.984,0.978,0.61,0.401,0.691,0.498,0.041,0.156,0.591
A0238,0.073,0.252,0.295,0.842,0.672,0.712,0.415,0.446,0.04,0.313,0.642,0.939,0.56,0.167,0.787,0.524,0.981,0.182,0.758,0.989
A0239,0.558,0.306,0.212,0.377,0.466,0.415,0.94,0.934,0.909,0.174,0.016,0.878,0.573,0.598,0.789,0.066,0.724,0.758,0.241,0.346
A0240,0.782,0.81,0.095,0.156,0.945,0.768,0.241,0.539,0.791,0.369,0.198,0.125,0.262,0.183,0.756,0.351,0.019,0.961,0.874,0.392
A0241,0.841,0.602,0.975,0.409,0.878,0.616,0.147,0.685,0.919,0.082,0.922,0.418,0.573,0.861,0.841,0.443,0.313,0.228,0.228,0.057
A0242,0.855,0.534,0.132,0.184,0.671,0.297,0.315,0.015,0.049,0.123,0.575,0.036,0.987,0.551,0.226,0.97,0.799,0.45,0.864,0.633
A0243,0.317,0.771,0.259,0.629,0.422,0.154,0.864,0.68,0.273,0.031,0.701,0.488,0.584,0.035,0.573,0.74,0.339,0.557,0.303,0.57
A0244,0.046,0.264,0.415,0.277,0.331,0.087,0.337,0.678,0.019,0.275,0.925,0.466,0.475,0.615,0.912,0.733,0.066,0.812,0.88,0.527
A0245,0.91,0.304,0.846,0.772,0.049,0.945,0.98,0.112,0.788,0.278,0.426,0.122,0.866,0.617,0.937,0.0,0.162,0.059,0.522,0.634
A0246,0.053,0.315,0.569,0.63,0.103,0.014,0.317,0.415,0.314,0.791,0.889,0.838,0.388,0.75,0.458,0.971,0.1,0.205,0.047,0.421
A0247,0.722,0.384,0.38,0.502,0.945,0.669,0.449,0.908,0.713,0.311,0.452,0.083,0.975,0.013,0.605,0.271,0.455,0.332,0.072,0.362
A0248,0.228,0.516,0.568,0.039,0.589,0.316,0.316,0.087,0.285,0.392,0.618,0.69,0.612,0.419,0.763,0.896,0.407,0.213,0.295,0.147
A0249,0.896,0.44,0.324,0.157,0.568,0.375,0.22,0.094,0.785,0.183,0.46,0.46,0.327,0.258,0.717,0.124,0.918,0.171,0.184,0.961
A0250,0.761,0.454,0.056,0.551,0.757,0.618,0.076,0.916,0.668,0.253,0.744,0.971,0.614,0.798,0.318,0.987,0.895,0.527,0.342,0.927
A0251,0.71,0.114,0.808,0.407,0.052,0.385,0.587,0.249,0.253,0.59,0.975,0.937,0.684,0.042,0.057,0.002,0.815,0.969,0.549,0.636
A0252,0.488,0.254,0.794,0.018,0.188,0.535,0.811,0.18,0.855,0.482,0.49,0.627,0.505,0.554,0.521,0.055,0.755,0.645,0.732,0.259
A0253,0.849,0.617,0.423,0.356,0.152,0.486,0.123,0.3,0.788,0.886,0.414,0.076,0.713,0.802,0.633,0.219,0.887,0.174,0.928,0.069
A0254,0.723,0.543,0.56,0.575,0.292,0.832,0.178,0.069,0.486,0.362,0.432,0.722,0.044,0.344,0.134,0.71,0.507,0.555,0.059,0.277
A0255,0.109,0.673,0.428,0.37,0.154,0.681,0.597,0.934,0.738,0.048,0.847,0.597,0.701,0.062,0.398,0.038,0.341,0.156,0.531,0.919
A0256,0.32,0.433,0.779,0.284,0.432,0.191,0.4,0.775,0.451,0.923,0.609,0.04,0.412,0.072,0.611,0.161,0.418,0.446,0.742,0.944
A0257,0.13,0.638,0.327,0.849,0.807,0.744,0.604,0.855,0.795,0.026,0.243,0.419,0.583,0.422,0.026,0.01,0.389,0.84,0.115,0.925
A0258,0.589,0.628,0.919,0.413,0.153,0.242,0.261,0.093,0.411,0.335,0.162,0.605,0.708,0.082,0.091,0.806,0.383,0.342,0.384,0.207
A0259,0.783,0.76,0.077,0.976,0.01,0.915,0.407,0.944,0.198,0.635,0.552,0.379,0.127,0.302,0.614,0.555,0.85,0.561,0.758,0.845
A0260,0.172,0.515,0.398,0.972,0.952,0.476,0.869,0.187,0.314,0.193,0.576,0.601,0.863,0.059,0.851,0.466,0.299,0.807,0.048,0.954
A0261,0.863,0.098,0.881,0.619,0.621,0.883,0.067,0.251,0.034,0.689,0.663,0.08,0.642,0.59,0.517,0.675,0.49,0.702,0.453,0.652
A0262,0.827,0.634,0.73,0.075,0.257,0.479,0.325,0.85,0.866,0.868,0.09,0.042,0.707,0.646,0.307,0.585,0.929,0.702,0.844,0.851
A0263,0.347,0.295,0.126,0.393,0.957,0.939,0.811,0.986,0.28,0.378,0.953,0.126,0.468,0.544,0.637,0.641,0.214,0.91,0.96,0.006
A0264,0.991,0.282,0.375,0.143,0.419,0.903,0.52,0.481,0.458,0.812,0.584,0.485,0.692,0.237,0.282,0.654,0.475,0.403,0.906,0.943
A0265,0.677,0.971,0.287,0.881,0.158,0.423,0.039,0.196,0.728,0.411,0.006,0.406,0.534,0.212,0.622,0.958,0.956,0.032,0.235,0.646
A0266,0.514,0.017,0.023,0.727,0.616,0.045,0.236,0.736,0.126,0.455,0.564,0.197,0.851,0.305,0.788,0.072,0.003,0.007,0.341,0.115
A0267,0.214,0.65,0.166,0.263,0.725,0.51,0.743,0.196,0.052,0.769,0.498,0.849,0.812,0.056,0.986,0.07,0.561,0.315,0.632,0.283
A0268,0.394,0.872,0.365,0.747,0.642,0.774,0.826,0.158,0.19,0.446,0.139,0.823,0.737,0.015,0.665,0.335,0.601,0.764,0.353,0.701
A0269,0.274,0.992,0.624,0.819,0.149,0.068,0.031,0.446,0.96,0.832,0.066,0.82,0.673,0.669,0.372,0.696,0.574,0.777,0.001,0.835
A0270,0.284,0.074,0.563,0.361,0.938,0.964,0.588,0.556,0.599,0.981,0.497,0.795,0.673,0.171,0.511,0.011,0.004,0.764,0.636,0.036
A0271,0.625,0.682,0.731,0.392,0.922,0.927,0.294,0.392,0.632,0.423,0.244,0.964,0.28,0.918,0.865,0.53,0.573,0.343,0.234,0.148
A0272,0.093,0.513,0.247,0.994,0.361,0.756,0.996,0.616,0.753,0.489,0.877,0.987,0.275,0.914,0.016,0.643,0.977,0.698,0.519,0.048
A0273,0.185,0.412,0.538,0.775,0.801,0.21,0.486,0.102,0.106,0.27,0.082,0.177,0.768,0.814,0.187,0.024,0.453,0.681,0.844,0.745
A0274,0.099,0.696,0.79,0.022,0.901,0.022,0.646,0.59,0.04,0.013,0.553,0.213,0.627,0.929,0.641,0.906,0.942,0.733,0.729,0.699
A0275,0.455,0.441,0.097,0.684,0.492,0.089,0.063,0.095,0.74,0.779,0.716,0.855,0.924,0.79,0.353,0.812,0.252,0.809,0.457,0.053
A0276,0.6,0.309,0.278,0.831,0.901,0.58,0.129,0.915,0.096,0.903,0.562,0.184,0.885,0.471,0.503,0.209,0.191,0.49,0.681,0.283
A0277,0.359,0.472,0.631,0.976,0.93,0.255,0.968,0.986,0.799,0.949,0.291,0.453,0.25,0.272,0.14,0.975,0.777,0.904,0.793,0.485
A0278,0.044,0.335,0.395,0.76,0.104,0.982,0.323,0.444,0.57,0.893,0.333,0.215,0.448,0.818,0.681,0.089,0.791,0.872,0.702,0.364
A0279,0.673,0.166,0.037,0.05,0.956,0.744,0.048,0.02,0.112,0.2,0.931,0.659,0.022,0.369,0.677,0.173,0.034,0.476,0.268,0.82
A0280,0.557,0.552,0.833,0.062,0.46,0.916,0.484,0.604,0.969,0.27,0.751,0.135,0.164,0.064,0.699,0.693,0.311,0.636,0.688,0.562
A0281,0.172,0.14,0.36,0.126,0.284,0.085,0.115,0.147,0.107,0.76,0.992,0.407,0.067,0.595,0.466,0.917,0.929,0.941,0.869,0.146
A0282,0.957,0.002,0.065,0.562,0.386,0.559,0.676,0.001,0.04,0.552,0.536,0.393,0.181,0.062,0.163,0.984,0.852,0.933,0.156,0.803
A0283,0.577,0.599,0.622,0.526,0.354,0.975,0.735,0.494,0.462,0.451,0.168,0.349,0.793,0.917,0.797,0.469,0.167,0.606,0.739,0.242
A0284,0.04,0.317,0.977,0.766,0.093,0.18,0.826,0.29,0.824,0.407,0.232,0.44,0.666,0.882,0.775,0.003,0.633,0.06,0.173,0.063
A0285,0.192,0.298,0.075,0.031,0.167,0.98,0.432,0.644,0.5,0.647,0.366,0.882,0.1,0.614,0.36,0.83,0.948,0.25,0.068,0.358
A0286,0.808,0.287,0.898,0.15,0.072,0.995,0.309,0.098,0.866,0.172,0.495,0.79,0.499,0.816,0.497,0.448,0.35,0.658,0.372,0.584
A0287,0.549,0.143,0.135,0.769,0.432,0.371,0.863,0.506,0.395,0.444,0.862,0.951,0.135,0.396,0.787,0.744,0.437,0.14,0.757,0.895
A0288,0.7,0.382,0.754,0.494,0.091,0.569,0.659,0.006,0.839,0.303,0.895,0.031,0.052,0.537,0.975,0.411,0.522,0.031,0.786,0.292
A0289,0.09,0.637,0.864,0.561,0.956,0.243,0.691,0.635,0.393,0.495,0.84,0.967,0.914,0.016,0.867,0.614,0.904,0.037,0.723,0.599
A0290,0.694,0.983,0.056,0.959,0.764,0.263,0.863,0.04,0.782,0.139,0.241,0.931,0.016,0.115,0.86,0.869,0.181,0.657,0.355,0.617
A0291,0.831,0.828,0.868,0.173,0.817,0.794,0.445,0.281,0.561,0.781,0.084,0.322,0.161,0.623,0.035,0.764,0.874,0.673,0.018,0.599
A0292,0.654,0.054,0.659,0.181,0.653,0.237,0.074,0.304,0.954,0.663,0.022,0.286,0.565,0.811,0.724,0.727,0.271,0.989,0.894,0.501
A0293,0.996,0.963,0.028,0.755,0.335,0.345,0.606,0.144,0.895,0.678,0.8,0.233,0.811,0.73,0.436,0.005,0.782,0.098,0.405,0.481
A0294,0.896,0.051,0.133,0.436,0.441,0.682,0.23,0.181,0.793,0.274,0.282,0.182,0.665,0.186,0.373,0.204,0.11,0.192,0.15,0.77
A0295,0.269,0.007,0.856,0.324,0.35,0.443,0.101,0.934,0.036,0.541,0.508,0.474,0.778,0.9,0.142,0.903,0.476,0.746,0.963,0.364
A0296,0.824,0.944,0.373,0.101,0.719,0.873,0.215,0.496,0.96,0.345,0.967,0.243,0.322,0.248,0.735,0.364,0.739,0.712,0.793,0.575
A0297,0.785,0.699,0.641,0.75,0.983,0.342,0.828,0.022,0.016,0.412,0.962,0.991,0.699,0.165,0.194,0.538,0.014,0.379,0.417,0.245
A0298,0.825,0.767,0.73,0.854,0.272,0.88,0.646,0.583,0.287,0.751,0.15,0.312,0.299,0.817,0.668,0.226,0.59,0.307,0.334,0.042
A0299,0.04,0.034,0.243,0.72,0.493,0.728,0.234,0.827,0.246,0.791,0.717,0.19,0.14,0.824,0.112,0.612,0.047,0.562,0.628,0.174
A0300,0.75,0.073,0.175,0.081,0.717,0.974,0.459,0.014,0.565,0.343,0.82,0.535,0.292,0.832,0.125,0.217,0.208,0.461,0.383,0.519
A0301,0.771,0.513,0.919,0.169,0.01,0.85,0.57,0.195,0.711,0.839,0.157,0.317,0.29,0.343,0.58,0.418,0.631,0.486,0.764,0.106
A0302,0.415,0.797,0.465,0.531,0.96,0.218,0.576,0.536,0.733,0.481,0.718,0.655,0.545,0.816,0.42,0.476,0.828,0.926,0.026,0.597
A0303,0.464,0.355,0.687,0.066,0.673,0.881,0.896,0.772,0.717,0.278,0.663,0.404,0.688,0.887,0.017,0.048,0.911,0.261,0.358,0.817
A0304,0.55,0.054,0.707,0.987,0.042,0.396,0.666,0.516,0.055,0.419,0.312,0.645,0.208,0.518,0.018,0.082,0.159,0.661,0.807,0.751
A0305,0.765,0.97,0.473,0.544,0.801,0.154,0.065,0.217,0.969,0.763,0.501,0.999,0.117,0.377,0.176,0.457,0.381,0.587,0.204,0.408
A0306,0.858,0.874,0.113,0.493,0.48,0.541,0.469,0.028,0.547,0.45,0.388,0.659,0.063,0.748,0.501,0.15,0.745,0.975,0.312,0.826
A0307,0.435,0.258,0.577,0.053,0.706,0.175,0.48,0.886,0.452,0.823,0.766,0.581,0.411,0.637,0.019,0.266,0.412,0.475,0.215,0.634
A0308,0.766,0.39,0.713,0.239,0.173,0.697,0.693,0.857,0.752,0.901,0.834,0.748,0.746,0.191,0.951,0.204,0.334,0.954,0.901,0.68
A0309,0.791,0.029,0.974,0.386,0.075,0.703,0.985,0.708,0.387,0.375,0.243,0.147,0.891,0.295,0.416,0.216,0.063,0.107,0.521,0.549
A0310,0.022,0.343,0.904,0.184,0.835,0.419,0.065,0.985,0.728,0.486,0.245,0.809,0.154,0.361,0.602,0.975,0.177,0.685,0.041,0.798
A0311,0.464,0.73,0.634,0.921,0.881,0.715,0.41,0.689,0.673,0.208,0.177,0.934,0.569,0.833,0.2,0.393,0.566,0.49,0.25,0.628
A0312,0.727,0.479,0.106,0.182,0.504,0.552,0.299,0.892,0.405,0.483,0.069,0.599,0.962,0.756,0.031,0.571,0.822,0.08,0.605,0.824
A0313,0.965,0.825,0.701,0.102,0.598,0.978,0.404,0.258,0.906,0.857,0.139,0.371,0.147,0.484,0.597,0.929,0.195,0.481,0.169,0.743
A0314,0.613,0.411,0.303,0.647,0.359,0.778,0.057,0.621,0.747,0.281,0.328,0.742,0.325,0.044,0.522,0.073,0.725,0.299,0.668,0.886
A0315,0.343,0.658,0.078,0.958,0.224,0.653,0.015,0.171,0.795,0.695,0.21,0.808,0.786,0.385,0.345,0.043,0.001,0.952,0.858,0.376
A0316,0.586,0.963,0.569,0.802,0.357,0.336,0.663,0.397,0.985,0.911,0.273,0.406,0.359,0.689,0.718,0.332,0.638,0.872,0.8,0.264
A0317,0.803,0.359,0.753,0.397,0.239,0.491,0.175,0.638,0.956,0.134,0.993,0.346,0.004,0.244,0.534,0.719,0.991,0.215,0.391,0.824
A0318,0.008,0.042,0.122,0.291,0.06,0.72,0.401,0.9,0.338,0.136,0.241,0.354,0.885,0.496,0.628,0.789,0.952,0.679,0.758,0.895
A0319,0.736,0.014,0.343,0.328,0.143,0.206,0.141,0.352,0.509,0.647,0.696,0.542,0.365,0.178,0.717,0.648,0.203,0.733,0.871,0.156
A0320,0.339,0.137,0.82,0.173,0.548,0.231,0.434,0.855,0.938,0.235,0.017,0.097,0.942,0.212,0.571,0.129,0.036,0.29,0.144,0.729
A0321,0.774,0.259,0.989,0.878,0.802,0.211,0.657,0.763,0.442,0.126,0.163,0.273,0.112,0.482,0.202,0.501,0.142,0.343,0.56,0.74
A0322,0.069,0.96,0.768,0.427,0.221,0.567,0.947,0.63,0.503,0.134,0.033,0.329,0.193,0.087,0.325,0.018,0.26,0.812,0.857,0.287
A0323,0.001,0.213,0.996,0.799,0.726,0.672,0.443,0.757,0.719,0.712,0.554,0.444,0.637,0.33,0.084,0.53,0.627,0.767,0.868,0.511
A0324,0.477,0.052,0.468,0.829,0.235,0.245,0.905,0.633,0.046,0.717,0.82,0.687,0.278,0.813,0.477,0.148,0.836,0.913,0.723,0.885
A0325,0.983,0.395,0.313,0.25,0.979,0.548,0.802,0.975,0.6,0.961,0.034,0.628,0.522,0.59,0.111,0.287,0.967,0.216,0.987,0.983
A0326,0.252,0.022,0.566,0.1,0.893,0.677,0.844,0.532,0.193,0.445,0.914,0.575,0.173,0.067,0.481,0.234,0.379,0.304,0.566,0.685
A0327,0.992,0.419,0.405,0.334,0.481,0.04,0.17,0.98,0.421,0.618,0.761,0.877,0.48,0.943,0.027,0.231,0.223,0.494,0.465,0.289
A0328,0.7,0.186,0.277,0.116,0.567,0.949,0.577,0.689,0.657,0.852,0.876,0.38,0.211,0.188,0.902,0.751,0.501,0.356,0.618,0.405
A0329,0.634,0.285,0.709,0.646,0.55,0.838,0.574,0.907,0.732,0.334,0.936,0.888,0.245,0.749,0.02,0.241,0.49,0.258,0.578,0.174
A0330,0.861,0.369,0.796,0.134,0.203,0.633,0.953,0.685,0.249,0.887,0.704,0.373,0.638,0.844,0.401,0.801,0.276,0.848,0.397,0.547
A0331,0.995,0.114,0.229,0.839,0.438,0.697,0.995,0.402,0.515,0.325,0.496,0.635,0.766,0.727,0.546,0.415,0.748,0.231,0.051,0.724
A0332,0.583,0.844,0.253,0.154,0.243,0.659,0.619,0.489,0.855,0.59,0.806,0.152,0.714,0.804,0.566,0.349,0.341,0.055,0.51,0.205
A0333,0.529,0.394,0.304,0.854,0.211,0.389,0.434,0.644,0.81,0.066,0.379,0.515,0.059,0.953,0.345,0.764,0.87,0.971,0.288,0.806
A0334,0.109,0.233,0.052,0.328,0.812,0.468,0.928,0.883,0.383,0.578,0.265,0.453,0.58,0.391,0.477,0.647,0.897,0.78,0.445,0.191
A0335,0.03,0.719,0.16,0.724,0.678,0.714,0.803,0.554,0.802,0.569,0.717,0.289,0.337,0.86,0.056,0.246,0.673,0.475,0.828,0.622
A0336,0.421,0.249,0.266,0.249,0.963,0.512,0.93,0.185,0.887,0.083,0.559,0.557,0.482,0.825,0.256,0.496,0.77,0.425,0.962,0.198
A0337,0.89,0.189,0.415,0.268,0.335,0.801,0.243,0.933,0.598,0.209,0.503,0.737,0.834,0.062,0.786,0.941,0.418,0.771,0.348,0.258
A0338,0.394,0.117,0.515,0.137,0.024,0.76,0.533,0.851,0.815,0.202,0.742,0.391,0.904,0.634,0.621,0.017,0.999,0.943,0.682,0.821
A0339,0.109,0.755,0.357,0.344,0.755,0.714,0.949,0.12,0.877,0.339,0.3,0.336,0.403,0.268,0.958,0.838,0.515,0.962,0.84,0.518
A0340,0.885,0.511,0.876,0.799,0.733,0.674,0.852,0.698,0.166,0.701,0.763,0.626,0.269,0.108,0.594,0.276,0.58,0.617,0.78,0.286
A0341,0.082,0.898,0.517,0.888,0.768,0.281,0.088,0.038,0.553,0.454,0.41,0.995,0.597,0.328,0.721,0.698,0.368,0.422,0.883,0.324
A0342,0.507,0.928,0.41,0.594,0.937,0.313,0.275,0.741,0.07,0.588,0.873,0.314,0.027,0.432,0.072,0.975,0.589,0.684,0.204,0.887
A0343,0.152,0.442,0.66,0.531,0.848,0.246,0.489,0.402,0.74,0.341,0.574,0.346,0.908,0.74,0.852,0.98,0.212,0.315,0.959,0.777
A0344,0.478,0.304,0.848,0.587,0.746,0.113,0.679,0.248,0.993,0.532,0.29,0.928,0.675,0.167,0.994,0.962,0.864,0.63,0.148,0.443
A0345,0.729,0.139,0.818,0.204,0.926,0.199,0.786,0.775,0.6,0.549,0.946,0.06,0.62,0.546,0.129,0.751,0.22,0.835,0.606,0.703
A0346,0.08,0.258,0.055,0.575,0.931,0.784,0.072,0.164,0.758,0.138,0.924,0.204,0.437,0.828,0.15,0.828,0.431,0.592,0.379,0.426
A0347,0.877,0.573,0.095,0.374,0.969,0.11,0.214,0.629,0.74,0.754,0.052,0.049,0.433,0.353,0.009,0.124,0.161,0.591,0.621,0.057
A0348,0.793,0.138,0.734,0.999,0.938,0.815,0.336,0.647,0.124,0.084,0.887,0.586,0.655,0.867,0.634,0.977,0.765,0.134,0.72,0.458
A0349,0.966,0.955,0.076,0.182,0.485,0.759,0.986,0.093,0.474,0.409,0.894,0.131,0.301,0.828,0.864,0.828,0.816,0.416,0.117,0.466
A0350,0.517,0.103,0.935,0.284,0.71,0.706,0.082,0.297,0.697,0.081,0.774,0.76,0.552,0.876,0.07,0.496,0.49,0.953,0.688,0.349
A0351,0.217,0.608,0.632,0.203,0.253,0.365,0.925,0.915,0.595,0.778,0.372,0.672,0.185,0.541,0.625,0.562,0.83,0.831,0.513,0.014
A0352,0.129,0.564,0.302,0.666,0.318,0.201,0.09,0.251,0.302,0.411,0.693,0.682,0.483,0.513,0.051,0.982,0.8,0.155,0.811,0.669
A0353,0.34,0.041,0.446,0.36,0.391,0.057,0.911,0.455,0.835,0.717,0.289,0.188,0.823,0.315,0.189,0.791,0.876,0.613,0.792,0.163
A0354,0.428,0.418,0.112,0.434,0.686,0.553,0.877,0.164,0.759,0.988,0.468,0.457,0.347,0.632,0.114,0.093,0.357,0.509,0.035,0.563
A0355,0.346,0.44,0.478,0.713,0.716,0.406,0.817,0.294,0.747,0.912,0.565,0.945,0.812,0.615,0.527,0.013,0.603,0.162,0.599,0.649
A0356,0.737,0.923,0.197,0.267,0.187,0.56,0.192,0.569,0.422,0.613,0.276,0.495,0.742,0.883,0.798,0.621,0.306,0.309,0.981,0.007
A0357,0.96,0.429,0.223,0.452,0.376,0.861,0.383,0.238,0.334,0.431,0.311,0.775,0.017,0.237,0.606,0.905,0.69,0.477,0.604,0.441
A0358,0.201,0.685,0.324,0.212,0.906,0.193,0.027,0.649,0.515,0.55,0.438,0.532,0.104,0.713,0.259,0.002,0.076,0.712,0.362,0.998
A0359,0.752,0.123,0.067,0.926,0.65,0.67,0.364,0.564,0.35,0.896,0.484,0.333,0.851,0.457,0.814,0.496,0.636,0.838,0.084,0.635
A0360,0.975,0.829,0.612,0.504,0.906,0.214,0.694,0.896,0.473,0.769,0.812,0.46,0.549,0.286,0.027,0.469,0.242,0.132,0.4,0.968
A0361,0.31,0.645,0.919,0.772,0.008,0.331,0.075,0.84,0.815,0.71,0.612,0.275,0.113,0.969,0.064,0.676,0.689,0.254,0.048,0.127
A0362,0.195,0.253,0.621,0.457,0.35,0.307,0.812,0.051,0.247,0.217,0.534,0.858,0.325,0.596,0.633,0.858,0.986,0.752,0.102,0.989
A0363,0.496,0.886,0.618,0.647,0.164,0.758,0.763,0.802,0.793,0.585,0.039,0.416,0.222,0.682,0.67,0.144,0.665,0.916,0.748,0.506
A0364,0.66,0.754,0.338,0.731,0.517,0.297,0.717,0.596,0.611,0.413,0.432,0.051,0.219,0.8,0.516,0.574,0.161,0.925,0.296,0.283
A0365,0.676,0.653,0.714,0.476,0.453,0.571,0.517,0.396,0.53,0.936,0.848,0.527,0.266,0.365,0.133,0.857,0.121,0.769,0.367,0.902
A0366,0.452,0.693,0.413,0.843,0.536,0.892,0.26,0.065,0.861,0.083,0.567,0.973,0.501,0.843,0.024,0.793,0.479,0.073,0.511,0.948
A0367,0.202,0.516,0.978,0.988,0.697,0.273,0.237,0.821,0.303,0.43,0.06,0.781,0.569,0.418,0.556,0.033,0.484,0.865,0.665,0.854
A0368,0.703,0.007,0.372,0.966,0.566,0.38,0.864,0.722,0.65,0.656,0.906,0.509,0.845,0.994,0.772,0.475,0.056,0.584,0.581,0.467
A0369,0.225,0.109,0.585,0.999,0.187,0.515,0.957,0.954,0.136,0.34,0.945,0.825,0.812,0.364,0.022,0.148,0.189,0.569,0.797,0.222
A0370,0.246,0.186,0.691,0.16,0.522,0.412,0.119,0.015,0.879,0.625,0.704,0.008,0.189,0.242,0.95,0.388,0.219,0.762,0.626,0.572
A0371,0.994,0.246,0.484,0.148,0.279,0.265,0.076,0.695,0.663,0.566,0.095,0.996,0.168,0.582,0.82,0.667,0.775,0.791,0.854,0.524
A0372,0.186,0.545,0.526,0.358,0.766,0.884,0.411,0.529,0.228,0.676,0.944,0.935,0.07,0.321,0.553,0.301,0.785,0.554,0.085,0.482
A0373,0.383,0.392,0.778,0.894,0.586,0.156,0.421,0.927,0.434,0.949,0.331,0.041,0.692,0.912,0.984,0.245,0.01,0.247,0.181,0.396
A0374,0.639,0.54,0.29,0.239,0.254,0.102,0.479,0.762,0.224,0.342,0.422,0.424,0.665,0.152,0.124,0.367,0.544,0.049,0.416,0.263
A0375,0.322,0.767,0.893,0.505,0.317,0.071,0.951,0.074,0.023,0.102,0.511,0.982,0.668,0.811,0.307,0.171,0.321,0.592,0.205,0.935
A0376,0.353,0.148,0.331,0.374,0.433,0.002,0.941,0.068,0.165,0.427,0.523,0.077,0.826,0.146,0.639,0.225,0.205,0.569,0.293,0.496
A0377,0.964,0.771,0.979,0.617,0.341,0.686,0.574,0.302,0.721,0.282,0.187,0.363,0.055,0.745,0.916,0.536,0.912,0.355,0.68,0.154
A0378,1.0,0.057,0.827,0.908,0.824,0.878,0.533,0.149,0.326,0.682,0.272,0.379,0.165,0.758,0.507,0.638,0.215,0.424,0.511,0.977
A0379,0.013,0.687,0.453,0.465,0.164,0.959,0.066,0.928,0.441,0.829,0.664,0.152,0.4,0.65,0.036,0.243,0.473,0.075,0.064,0.54
A0380,0.892,0.403,0.206,0.857,0.84,0.269,0.527,0.78,0.692,0.22,0.068,0.475,0.283,0.663,0.778,0.24,0.821,0.473,0.066,0.586
A0381,0.548,0.359,0.52,0.579,0.697,0.286,0.761,0.915,0.241,0.746,0.073,0.515,0.176,0.712,0.381,0.551,0.602,0.637,0.657,0.215
A0382,0.535,0.755,0.182,0.015,0.284,0.707,0.63,0.243,0.515,0.862,0.758,0.652,0.189,0.53,0.508,0.256,0.265,0.989,0.126,0.306
A0383,0.38,0.475,0.399,0.609,0.584,0.589,0.914,0.801,0.065,0.395,0.364,0.441,0.536,0.683,0.599,0.126,0.087,0.48,0.753,0.768
A0384,0.74,0.211,0.139,0.788,0.932,0.741,0.861,0.317,0.356,0.052,0.768,0.07,0.87,0.992,0.183,0.853,0.088,0.59,0.952,0.16
A0385,0.581,0.004,0.897,0.011,0.797,0.541,0.398,0.908,0.013,0.242,0.969,0.089,0.8,0.381,0.915,0.137,0.25,0.503,0.497,0.982
A0386,0.591,0.52,0.203,0.467,0.356,0.767,0.357,0.197,0.554,0.126,0.166,0.604,0.074,0.624,0.751,0.113,0.383,0.026,0.004,0.427
A0387,0.39,0.632,0.345,0.307,0.266,0.347,0.861,0.14,0.369,0.996,0.755,0.596,0.859,0.343,0.163,0.233,0.71,0.072,0.485,0.885
A0388,0.968,0.511,0.268,0.578,0.079,0.204,0.161,0.056,0.213,0.616,0.599,0.457,0.665,0.733,0.998,0.525,0.809,0.497,0.315,0.056
A0389,0.056,0.674,0.002,0.639,0.552,0.452,0.726,0.218,0.69,0.464,0.456,0.74,0.241,0.922,0.183,0.843,0.384,0.73,0.075,0.417
A0390,0.727,0.396,0.702,0.035,0.166,0.988,0.737,0.025,0.686,0.407,0.118,0.961,0.574,0.553,0.832,0.958,0.433,0.098,0.686,0.817
A0391,0.848,0.106,0.231,0.872,0.804,0.403,0.684,0.098,0.664,0.058,0.277,0.697,0.496,0.71,0.6,0.496,0.647,0.389,0.502,0.584
A0392,0.161,0.724,0.818,0.55,0.923,0.518,0.393,0.655,0.228,0.333,0.688,0.776,0.317,0.404,0.603,0.44,0.634,0.601,0.432,0.413
A0393,0.571,0.218,0.531,0.534,0.234,0.861,0.596,0.311,0.538,0.126,0.707,0.746,0.241,0.238,0.19,0.046,0.682,0.484,0.356,0.069
A0394,0.27,0.696,0.182,0.416,0.627,0.378,0.065,0.93,0.284,0.252,0.28,0.805,0.11,0.104,0.18,0.308,0.103,0.461,0.231,0.492
A0395,0.749,0.194,0.384,0.155,0.377,0.464,0.809,0.99,0.554,0.716,0.283,0.577,0.029,0.039,0.753,0.507,0.697,0.429,0.0,0.108
A0396,0.587,0.36,0.141,0.769,0.057,0.1,0.935,0.929,0.028,0.376,0.865,0.451,0.682,0.2,0.272,0.178,0.414,0.186,0.747,0.67
A0397,0.805,0.602,0.348,0.906,0.064,0.482,0.923,0.607,0.087,0.157,0.235,0.496,0.705,0.578,0.571,0.517,0.584,0.385,0.926,0.46
A0398,0.668,0.868,0.899,0.329,0.189,0.611,0.604,0.792,0.649,0.511,0.806,0.781,0.93,0.307,0.651,0.202,0.861,0.383,0.315,0.713
A0399,0.537,0.372,0.671,0.642,0.377,0.593,0.96,0.29,0.677,0.746,0.754,0.44,0.033,0.658,0.146,0.194,0.432,0.236,0.786,0.991
A0400,0.628,0.431,0.749,0.051,0.097,0.72,0.883,0.198,0.479,0.019,0.812,0.402,0.15,0.201,0.999,0.6,0.513,0.931,0.273,0.636
A0401,0.737,0.473,0.598,0.239,0.741,0.189,0.557,0.379,0.057,0.431,0.383,0.442,0.332,0.835,0.501,0.653,0.21,0.923,0.77,0.725
A0402,0.716,0.711,0.367,0.09,0.232,0.255,0.761,0.43,0.921,0.949,0.852,0.344,0.201,0.512,0.494,0.032,0.637,0.961,0.082,0.026
A0403,0.026,0.445,0.102,0.171,0.956,0.356,0.746,0.951,0.899,0.989,0.84,0.157,0.087,0.647,0.132,0.895,0.478,0.433,0.203,0.657
A0404,0.39,0.564,0.803,0.329,0.857,0.637,0.128,0.613,0.587,0.936,0.995,0.258,0.423,0.392,0.854,0.813,0.95,0.215,0.598,0.628
A0405,0.088,0.166,0.823,0.604,0.973,0.126,0.17,0.312,0.903,0.735,0.678,0.922,0.771,0.139,0.666,0.007,0.313,0.687,0.475,0.949
A0406,0.16,0.955,0.323,0.755,0.691,0.075,0.224,0.517,0.702,0.947,0.519,0.338,0.825,0.223,0.316,0.846,0.541,0.82,0.64,0.122
A0407,0.494,0.405,0.454,0.549,0.65,0.924,0.134,0.723,0.184,0.226,0.869,0.929,0.399,0.793,0.909,0.951,0.184,0.642,0.758,0.041
A0408,0.594,0.125,0.032,0.567,0.284,0.412,0.758,0.166,0.85,0.018,0.985,0.661,0.247,0.392,0.895,0.884,0.965,0.943,0.697,0.579
A0409,0.689,0.582,0.337,0.335,0.404,0.778,0.228,0.464,0.249,0.286,0.437,0.69,0.954,0.56,0.504,0.225,0.957,0.706,0.164,0.571
A0410,0.902,0.731,0.124,0.058,0.821,0.6,0.557,0.592,0.85,0.863,0.121,0.649,0.744,0.776,0.538,0.502,0.173,0.596,0.069,0.791
A0411,0.043,0.72,0.148,0.115,0.195,0.883,0.319,0.614,0.96,0.275,0.467,0.687,0.391,0.789,0.718,0.1,0.753,0.703,0.444,0.313
A0412,0.489,0.525,0.202,0.906,0.074,0.714,0.998,0.316,0.39,0.413,0.176,0.075,0.205,0.461,0.864,0.787,0.933,0.287,0.302,0.444
A0413,0.238,0.14,0.403,0.69,0.672,0.601,0.419,0.85,0.502,0.481,0.621,0.567,0.142,0.026,0.859,0.552,0.484,0.655,0.119,0.622
A0414,0.298,0.957,0.814,0.176,0.145,0.382,0.942,0.398,0.997,0.123,0.349,0.991,0.784,0.788,0.937,0.959,0.186,0.507,0.448,0.145
A0415,0.813,0.106,0.278,0.695,0.8,0.333,0.23,0.323,0.075,0.113,0.931,0.086,0.632,0.364,0.188,0.798,0.622,0.887,0.149,0.62
A0416,0.731,0.91,0.817,0.34,0.873,0.634,0.099,0.429,0.96,0.698,0.268,0.93,0.305,0.704,0.814,0.215,0.397,0.36,0.042,0.637
A0417,0.646,0.444,0.611,0.1,0.922,0.032,0.355,0.263,0.697,0.509,0.653,0.373,0.592,0.942,0.915,0.823,0.485,0.578,0.545,0.782
A0418,0.8,0.756,0.906,0.507,0.231,0.726,0.192,0.765,0.096,0.614,0.031,0.944,0.306,0.229,0.344,0.589,0.855,0.588,0.725,0.254
A0419,0.983,0.441,0.936,0.199,0.929,0.506,0.749,0.362,0.207,0.28,0.769,0.492,0.861,0.172,0.042,0.207,0.281,0.332,0.172,0.206
A0420,0.741,0.754,0.204,0.195,0.085,0.5,0.664,0.882,0.538,0.875,0.688,0.019,0.323,0.454,0.733,0.754,0.404,0.068,0.778,0.855
A0421,0.656,0.31,0.335,0.084,0.643,0.635,0.712,0.575,0.035,0.167,0.072,0.559,0.061,0.008,0.657,0.859,0.505,0.015,0.244,0.984
A0422,0.063,0.395,0.364,0.58,0.697,0.187,0.323,0.554,0.692,0.134,0.51,0.281,0.222,0.049,0.124,0.257,0.371,0.198,0.078,0.354
A0423,0.96,0.657,0.433,0.946,0.443,0.926,0.141,0.104,0.439,0.073,0.189,0.249,0.021,0.979,0.327,0.121,0.696,0.427,0.707,0.235
A0424,0.43,0.767,0.889,0.921,0.181,0.76,0.604,0.153,0.463,0.966,0.299,0.931,0.262,0.458,0.106,0.639,0.694,0.773,0.843,0.164
A0425,0.635,0.571,0.698,0.104,0.37,0.324,0.76,0.818,0.479,0.638,0.464,0.05,0.459,0.405,0.804,0.723,0.144,0.957,0.075,0.339
A0426,0.511,0.699,0.442,0.62,0.172,0.591,0.471,0.986,0.461,0.334,0.102,0.548,0.815,0.691,0.163,0.371,0.482,0.897,0.83,0.901
A0427,0.636,0.157,0.112,0.709,0.804,0.103,0.129,0.078,0.48,0.475,0.749,0.289,0.966,0.499,0.306,0.903,0.858,0.32,0.041,0.277
A0428,0.86,0.292,0.73,0.576,0.814,0.488,0.443,0.163,0.295,0.803,0.853,0.683,0.091,0.697,0.24,0.325,0.603,0.151,0.104,0.628
A0429,0.395,0.244,0.141,0.12,0.928,0.131,0.213,0.482,0.744,0.746,0.734,0.048,0.37,0.394,0.341,0.864,0.088,0.392,0.582,0.904
A0430,0.389,0.812,0.124,0.625,0.92,0.078,0.802,0.423,0.499,0.836,0.472,0.502,0.99,0.941,0.423,0.869,0.702,0.643,0.891,0.926
A0431,0.883,0.521,0.63,0.692,0.314,0.436,0.993,0.93,0.011,0.682,0.613,0.308,0.308,0.677,0.245,0.196,0.094,0.013,0.351,0.241
A0432,0.389,0.05,0.321,0.79,0.297,0.561,0.004,0.855,0.21,0.24,0.054,0.894,0.337,0.694,0.93,0.985,0.715,0.923,0.796,0.668
A0433,0.958,0.119,0.862,0.86,0.463,0.332,0.41,0.532,0.366,0.584,0.632,0.715,0.736,0.662,0.313,0.565,0.009,0.916,0.627,0.733
A0434,0.024,0.478,0.259,0.607,0.85,0.798,0.346,0.449,0.743,0.096,0.338,0.403,0.094,0.142,0.66,0.992,0.842,0.685,0.11,0.304
A0435,0.062,0.792,0.892,0.128,0.354,0.466,0.684,0.691,0.611,0.839,0.689,0.267,0.553,0.163,0.006,0.757,0.762,0.922,0.67,0.427
A0436,0.12,0.818,0.819,0.775,0.663,0.896,0.565,0.819,0.457,0.456,0.795,0.512,0.322,0.252,0.184,0.213,0.406,0.618,0.633,0.722
A0437,0.467,0.913,0.38,0.681,0.803,0.597,0.472,0.767,0.66,0.123,0.597,0.051,0.643,0.261,0.712,0.325,0.358,0.97,0.554,0.94
A0438,0.348,0.684,0.06,0.146,0.424,0.692,0.734,0.055,0.68,0.656,0.65,0.264,0.865,0.004,0.854,0.856,0.433,0.521,0.055,0.693
A0439,0.568,0.361,0.306,0.864,0.333,0.604,0.213,0.796,0.094,0.682,0.397,0.929,0.975,0.632,0.144,0.049,0.472,0.805,0.381,0.246
A0440,0.799,0.461,0.869,0.599,0.184,0.388,0.74,0.59,0.534,0.169,0.743,0.123,0.407,0.559,0.907,0.787,0.869,0.984,0.702,0.444
A0441,0.906,0.744,0.866,0.318,0.039,0.006,0.452,0.74,0.28,0.084,0.315,0.182,0.761,0.261,0.554,0.821,0.253,0.621,0.946,0.324
A0442,0.665,0.128,0.399,0.322,0.666,0.718,0.599,0.787,0.557,0.486,0.797,0.239,0.996,0.596,0.951,0.745,0.412,0.592,0.206,0.839
A0443,0.173,0.941,0.085,0.464,0.207,0.943,0.045,0.643,0.48,0.245,0.457,0.829,0.731,0.29,0.494,0.286,0.819,0.863,0.696,0.878
A0444,0.481,0.981,0.096,0.92,0.784,0.45,0.878,0.285,0.607,0.417,0.226,0.763,0.993,0.265,0.389,0.203,0.76,0.157,0.508,0.728
A0445,0.162,0.684,0.587,0.957,0.244,0.019,0.757,0.619,0.315,0.48,0.633,0.665,0.325,0.333,0.734,0.328,0.286,0.054,0.415,0.845
A0446,0.459,0.061,0.289,0.484,0.81,0.782,0.619,0.169,0.999,0.913,0.41,0.254,0.399,0.425,0.044,0.162,0.788,0.169,0.233,0.402
A0447,0.597,0.941,0.586,0.551,0.9,0.585,0.338,0.492,0.491,0.339,0.58,0.389,0.615,0.055,0.829,0.128,0.648,0.166,0.213,0.084
A0448,0.685,0.22,0.27,0.797,0.729,0.334,0.898,0.187,0.559,0.134,0.465,0.129,0.745,0.944,0.728,0.742,0.058,0.421,0.565,0.086
A0449,0.213,0.549,0.667,0.003,0.923,0.206,0.585,0.204,0.089,0.894,0.655,0.235,0.312,0.101,0.889,0.122,0.466,0.353,0.53,0.028
A0450,0.699,0.318,0.982,0.192,0.868,0.709,0.914,0.17,0.012,0.571,0.315,0.532,0.663,0.228,0.498,0.751,0.76,0.246,0.809,0.973
A0451,0.706,0.004,0.911,0.426,0.512,0.228,0.593,0.698,0.001,0.222,0.93,0.696,0.375,0.431,0.403,0.044,0.577,0.962,0.706,0.683
A0452,0.812,0.586,0.902,0.957,0.316,0.218,0.563,0.756,0.468,0.873,0.868,0.851,0.767,0.486,0.793,0.916,0.89,0.625,0.263,0.684
A0453,0.122,0.132,0.897,0.115,0.619,0.364,0.072,0.644,0.741,0.512,0.404,0.397,0.557,0.423,0.586,0.596,0.871,0.299,0.009,0.538
A0454,0.793,0.083,0.617,0.302,0.183,0.595,0.317,0.078,0.115,0.583,0.813,0.418,0.463,0.483,0.762,0.76,0.203,0.185,0.804,0.61
A0455,0.727,0.142,0.761,0.409,0.535,0.419,0.151,0.54,0.314,0.246,0.686,0.614,0.293,0.698,0.365,0.583,0.001,0.849,0.432,0.358
A0456,0.571,0.899,0.135,0.468,0.095,0.999,0.841,0.027,0.384,0.145,0.243,0.031,0.854,0.076,0.268,0.1,0.706,0.453,0.626,0.508
A0457,0.368,0.476,0.819,0.684,0.253,0.501,0.414,0.059,0.825,0.895,0.396,0.693,0.179,0.631,0.028,0.352,0.565,0.135,0.674,0.93
A0458,0.485,0.323,0.059,0.448,0.592,0.373,0.121,0.856,0.663,0.878,0.352,0.11,0.636,0.142,0.279,0.306,0.804,0.136,0.15,0.661
A0459,0.312,0.299,0.742,0.277,0.64,0.428,0.904,0.274,0.547,0.341,0.703,0.785,0.099,0.776,0.877,0.668,0.1,0.926,0.15,0.251
A0460,0.124,0.741,0.911,0.564,0.564,0.771,0.841,0.422,0.752,0.345,0.068,0.223,0.767,0.682,0.784,0.913,0.27,0.094,0.99,0.824
A0461,0.359,0.961,0.623,0.045,0.326,0.119,0.309,0.433,0.474,0.642,0.448,0.35,0.173,0.788,0.113,0.857,0.096,0.273,0.401,0.639
A0462,0.158,0.529,0.038,0.928,0.677,0.948,0.65,0.114,0.301,0.927,0.011,0.395,0.205,0.494,0.813,0.989,0.389,0.424,0.832,0.514
A0463,0.383,0.969,0.765,0.31,0.351,0.625,0.251,0.222,0.631,0.731,0.898,0.847,0.003,0.25,0.232,0.836,0.281,0.233,0.286,0.032
A0464,0.351,0.774,0.728,0.19,0.971,0.072,0.12,0.805,0.703,0.942,0.641,0.803,0.02,0.48,0.811,0.524,0.927,0.555,0.025,0.091
A0465,0.425,0.873,0.505,0.029,0.599,0.238,0.199,0.228,0.621,0.646,0.422,0.633,0.047,0.524,0.878,0.343,0.353,0.951,0.155,0.854
A0466,0.372,0.518,0.919,0.977,0.935,0.03,0.278,0.552,0.567,0.109,0.328,0.736,0.821,0.387,0.137,0.121,0.095,0.54,0.32,0.874
A0467,0.487,0.583,0.145,0.528,0.678,0.206,0.786,0.526,0.119,0.395,0.94,0.078,0.489,0.815,0.807,0.082,0.469,0.687,0.712,0.499
A0468,0.2,0.311,0.672,0.44,0.169,0.793,0.603,0.872,0.974,0.83,0.673,0.334,0.22,0.224,0.292,0.191,0.086,0.041,0.189,0.728
A0469,1.0,0.467,0.623,0.927,0.477,0.257,0.556,0.213,0.697,0.626,0.741,0.706,0.33,0.023,0.456,0.166,0.852,0.766,0.495,0.133
A0470,0.09,0.138,0.085,0.471,0.251,0.148,0.385,0.712,0.381,0.685,0.021,0.733,0.503,0.717,0.77,0.192,0.971,0.493,0.007,0.991
A0471,0.144,0.546,0.849,0.295,0.861,0.663,0.514,0.229,0.181,0.988,0.915,0.09,0.656,0.677,0.511,0.85,0.674,0.69,0.512,0.889
A0472,0.947,0.762,0.625,0.384,0.966,0.976,0.27,0.79,0.099,0.251,0.74,0.033,0.655,0.424,0.224,0.513,0.276,0.683,0.522,0.479
A0473,0.212,0.514,0.84,0.671,0.483,0.609,0.418,0.428,0.82,0.4,0.625,0.477,0.745,0.588,0.224,0.767,0.374,0.31,0.425,0.364
A0474,0.693,0.019,0.413,0.74,0.326,0.663,0.626,0.83,0.227,0.616,0.046,0.9,0.86,0.705,0.326,0.893,0.13,0.153,0.101,0.208
A0475,0.612,0.549,0.795,0.322,0.388,0.972,0.891,0.872,0.93,0.846,0.208,0.774,0.871,0.158,0.747,0.897,0.642,0.56,0.375,0.219
A0476,0.264,0.934,0.123,0.727,0.003,0.975,0.686,0.776,0.417,0.573,0.441,0.349,0.873,0.883,0.559,0.408,0.92,0.371,0.717,0.704
A0477,0.688,0.701,0.348,0.306,0.431,0.654,0.794,0.132,0.043,0.287,0.503,0.141,0.928,0.58,0.771,0.632,0.706,0.652,0.556,0.419
A0478,0.201,0.636,0.875,0.828,0.885,0.671,0.057,0.568,0.13,0.826,0.176,0.498,0.953,0.779,0.233,0.39,0.242,0.665,0.588,0.508
A0479,0.167,0.465,0.437,0.842,0.849,0.633,0.356,0.899,0.969,0.197,0.64,0.044,0.746,0.478,0.681,0.805,0.223,0.443,0.298,0.449
A0480,0.625,0.577,0.385,0.205,0.906,0.572,0.382,0.894,0.773,0.533,0.736,0.329,0.738,0.74,0.912,0.605,0.385,0.49,0.861,0.079
A0481,0.913,0.512,0.017,0.198,0.951,0.555,0.795,0.868,0.577,0.503,0.821,0.304,0.47,0.191,0.05,0.593,0.265,0.143,0.747,0.147
A0482,0.66,0.952,0.141,0.288,0.565,0.613,0.313,0.105,0.976,0.367,0.391,0.333,0.354,0.326,0.778,0.547,0.428,0.656,0.69,0.887
A0483,0.18,0.213,0.376,0.842,0.657,0.795,0.226,0.404,0.215,0.169,0.26,0.606,0.812,0.161,0.841,0.568,0.306,0.518,0.048,0.18
A0484,0.801,0.204,0.529,0.584,0.008,0.01,0.916,0.962,0.961,0.211,0.947,0.941,0.776,0.184,0.901,0.194,0.297,0.726,0.317,0.773
A0485,0.989,0.617,0.745,0.436,0.783,0.611,0.961,0.455,0.916,0.835,0.247,0.813,0.599,0.614,0.087,0.229,0.921,0.087,0.402,0.101
A0486,0.575,0.79,0.533,0.211,0.896,0.617,0.772,0.001,0.607,0.613,0.135,0.649,0.594,0.368,0.636,0.978,0.508,0.229,0.613,0.084
A0487,0.274,0.804,0.826,0.407,0.192,0.98,0.029,0.393,0.504,0.07,0.701,0.816,0.922,0.228,0.362,0.32,0.128,0.699,0.154,0.843
A0488,0.918,0.879,0.327,0.018,0.004,0.747,0.195,0.445,0.36,0.772,0.992,0.633,0.383,0.241,0.846,0.964,0.348,0.544,0.029,0.248
A0489,0.934,0.47,0.715,0.951,0.606,0.523,0.555,0.284,0.309,0.921,0.184,0.788,0.635,0.581,0.197,0.71,0.901,0.155,0.127,0.321
A0490,0.056,0.176,0.758,0.72,0.633,0.381,0.301,0.931,0.895,0.21,0.761,0.799,0.31,0.013,0.221,0.123,0.04,0.693,0.735,0.521
A0491,0.969,0.046,0.922,0.443,0.008,0.084,0.223,0.247,0.692,0.921,0.768,0.77,0.084,0.632,0.617,0.59,0.775,0.946,0.208,0.417
A0492,0.178,0.771,0.235,0.946,0.667,0.052,0.63,0.816,0.346,0.17,0.167,0.299,0.402,0.68,0.443,0.393,0.52,0.135,0.166,0.499
A0493,0.968,0.818,0.331,0.162,0.237,0.943,0.235,0.607,0.297,0.728,0.849,0.723,0.081,0.156,0.35,0.079,0.118,0.505,0.781,0.473
A0494,0.642,0.643,0.293,0.144,0.47,0.528,0.381,0.006,0.668,0.606,0.245,0.059,0.18,0.101,0.26,0.189,0.895,0.379,0.441,0.567
A0495,0.193,0.795,0.654,0.213,0.736,0.433,0.357,0.241,0.619,0.272,0.944,0.453,0.07,0.974,0.786,0.63,0.734,0.051,0.647,0.605
A0496,0.124,0.224,0.571,0.751,0.241,0.255,0.328,0.455,0.886,0.952,0.89,0.238,0.452,0.854,0.933,0.898,0.477,0.219,0.184,0.345
A0497,0.539,0.051,0.88,0.86,0.017,0.57,0.291,0.561,0.649,0.336,0.762,0.518,0.266,0.07,0.525,0.382,0.402,0.09,0.351,0.694
A0498,0.128,0.317,0.759,0.024,0.186,0.12,0.086,0.625,0.366,0.273,0.001,0.315,0.678,0.057,0.918,0.746,0.891,0.907,0.72,0.945
A0499,0.667,0.397,0.811,0.773,0.541,0.714,0.534,0.218,0.806,0.035,0.514,0.318,0.413,0.108,0.21,0.231,0.235,0.225,0.6,0.644
A0500,0.387,0.008,0.236,0.701,0.889,0.196,0.717,0.398,0.315,0.778,0.51,0.038,0.491,0.914,0.58,0.474,0.061,0.649,0.905,0.371
A0501,0.56,0.984,0.61,0.879,0.475,0.465,0.379,0.355,0.816,0.34,0.759,0.029,0.095,0.56,0.979,0.218,0.233,0.869,0.719,0.071
A0502,0.099,0.872,0.558,0.545,0.564,0.544,0.843,0.054,0.188,0.905,0.574,0.513,0.266,0.448,0.624,0.599,0.72,0.973,0.19,0.515
A0503,0.897,0.959,0.335,0.88,0.136,0.325,0.131,0.544,0.63,0.851,0.224,0.884,0.34,0.512,0.515,0.342,0.153,0.432,0.14,0.578
A0504,0.075,0.613,0.93,0.399,0.313,0.936,0.186,0.782,0.839,0.113,0.743,0.996,0.405,0.945,0.134,0.228,0.672,0.22,0.413,0.227
A0505,0.07,0.773,0.266,0.548,0.827,0.061,0.053,0.183,0.115,0.966,0.692,0.537,0.623,0.315,0.934,0.891,0.647,0.333,0.961,0.136
A0506,0.638,0.855,0.09,0.898,0.748,0.888,0.93,0.98,0.705,0.693,0.479,0.032,0.752,0.721,0.058,0.418,0.138,0.231,0.775,0.366
A0507,0.171,0.969,0.982,0.355,0.135,0.333,0.405,0.719,0.563,0.57,0.574,0.853,0.114,0.297,0.662,0.944,0.058,0.078,0.007,0.86
A0508,0.422,0.386,0.097,0.362,0.842,0.443,0.546,0.797,0.718,0.445,0.208,0.867,0.448,0.06,0.102,0.08,0.724,0.615,0.276,0.398
A0509,0.527,0.755,0.53,0.345,0.103,0.012,0.81,0.457,0.13,0.456,0.633,0.091,0.684,0.778,0.013,0.817,0.345,0.738,0.65,0.263
A0510,0.843,0.821,0.441,0.039,0.398,0.859,0.423,0.994,0.703,0.292,0.134,0.962,0.245,0.554,0.395,0.788,0.109,0.618,0.537,0.175
A0511,0.491,0.738,0.773,0.944,0.466,0.493,0.955,0.261,0.23,0.162,0.62,0.574,0.263,0.121,0.642,0.916,0.121,0.372,0.353,0.952
A0512,0.273,0.121,0.621,0.507,0.499,0.136,0.472,0.581,0.76,0.642,0.695,0.893,0.501,0.603,0.328,0.511,0.18,0.194,0.702,0.418
A0513,0.146,0.5,0.979,0.968,0.617,0.247,0.359,0.117,0.902,0.096,0.681,0.868,0.647,0.686,0.255,0.225,0.726,0.084,0.188,0.996
A0514,0.324,0.151,0.766,0.218,0.07,0.469,0.055,0.059,0.81,0.941,0.303,0.215,0.523,0.619,0.736,0.511,0.455,0.597,0.803,0.1
A0515,0.405,0.832,0.779,0.219,0.174,0.003,0.239,0.781,0.416,0.796,0.866,0.099,0.564,0.588,0.211,0.484,0.316,0.992,0.064,0.995
A0516,0.976,0.718,0.198,0.561,0.035,0.97,0.794,0.389,0.654,0.692,0.85,0.775,0.197,0.342,0.88,0.914,0.018,0.282,0.313,0.923
A0517,0.419,0.801,0.072,0.883,0.581,0.646,0.158,0.295,0.016,0.312,0.834,0.729,0.516,0.816,0.475,0.758,0.434,0.519,0.349,0.628
A0518,0.906,0.003,0.889,0.821,0.092,0.321,0.299,0.855,0.895,0.719,0.112,0.884,0.869,0.513,0.911,0.842,0.221,0.061,0.102,0.972
A0519,0.541,0.611,0.359,0.639,0.614,0.147,0.202,0.575,0.148,0.693,0.496,0.211,0.803,0.274,0.786,0.05,0.239,0.015,0.225,0.663
A0520,0.127,0.91,0.26,0.275,0.892,0.773,0.297,0.487,0.295,0.603,0.446,0.138,0.639,0.023,0.685,0.561,0.653,0.772,0.505,0.346
A0521,0.767,0.068,0.1,0.432,0.622,0.533,0.394,0.429,0.422,0.156,0.364,0.666,0.907,0.978,0.176,0.877,0.305,0.197,0.083,0.686
A0522,0.396,0.764,0.757,0.302,0.133,0.048,0.058,0.703,0.382,0.091,0.062,0.166,0.842,0.678,0.882,0.447,0.021,0.655,0.729,0.452
A0523,0.442,0.771,0.146,0.039,0.992,0.151,0.165,0.868,0.681,0.379,0.024,0.352,0.518,0.362,0.446,0.638,0.182,0.063,0.738,0.18
A0524,0.794,0.629,0.834,0.323,0.551,0.622,0.287,0.176,0.109,0.089,0.803,0.588,0.672,0.194,0.476,0.241,0.339,0.815,0.119,0.983
A0525,0.782,0.051,0.655,0.878,0.308,0.284,0.088,0.855,0.879,0.188,0.823,0.986,0.825,0.489,0.232,0.259,0.187,0.459,0.151,0.606
A0526,0.796,0.779,0.697,0.17,0.466,0.057,0.071,0.003,0.676,0.402,0.797,0.844,0.73,0.161,0.123,0.912,0.261,0.508,0.324,0.408
A0527,0.375,0.208,0.678,0.148,0.064,0.565,0.201,0.522,0.206,0.638,0.547,0.022,0.461,0.069,0.339,0.008,0.679,0.863,0.368,0.77
A0528,0.182,0.662,0.879,0.276,0.569,0.789,0.24,0.752,0.756,0.986,0.416,0.892,0.404,0.313,0.512,0.658,0.78,0.109,0.48,0.853
A0529,0.667,0.251,0.836,0.028,0.193,0.879,0.636,0.711,0.908,0.914,0.495,0.308,0.469,0.859,0.346,0.937,0.469,0.599,0.393,0.651
A0530,0.76,0.268,0.101,0.246,0.757,0.097,0.513,0.142,0.423,0.613,0.626,0.396,0.714,0.168,0.205,0.735,0.162,0.926,0.743,0.127
A0531,0.531,0.015,0.363,0.849,0.259,0.939,0.89,0.282,0.806,0.88,0.418,0.769,0.389,0.585,0.933,0.749,0.431,0.942,0.833,0.988
A0532,0.975,0.876,0.755,0.738,0.029,0.01,0.446,0.544,0.177,0.691,0.781,0.215,0.311,0.775,0.517,0.435,0.606,0.909,0.133,0.919
A0533,0.705,0.912,0.853,0.43,0.475,0.923,0.099,0.829,0.041,0.705,0.386,0.272,0.486,0.957,0.136,0.095,0.646,0.842,0.126,0.291
A0534,0.877,0.287,0.394,0.356,0.206,0.124,0.43,0.476,0.683,0.578,0.863,0.407,0.876,0.017,0.138,0.351,0.322,0.747,0.102,0.271
A0535,0.912,0.685,0.709,0.212,0.672,0.575,0.822,0.159,0.925,0.066,0.304,0.951,0.393,0.553,0.709,0.983,0.608,0.328,0.724,0.287
A0536,0.015,0.224,0.609,0.538,0.6,0.576,0.168,0.452,0.584,0.08,0.879,0.86,0.76,0.376,0.834,0.85,0.576,0.978,0.511,0.515
A0537,0.552,0.592,0.643,0.696,0.258,0.876,0.189,0.646,0.58,0.442,0.096,0.658,0.235,0.071,0.208,0.674,0.061,0.141,0.17,0.81
A0538,0.421,0.909,0.395,0.524,0.458,0.813,0.761,0.037,0.098,0.735,0.58,0.54,0.078,0.763,0.538,0.601,0.252,0.699,0.269,0.48
A0539,0.843,0.905,0.323,0.487,0.093,0.886,0.208,0.962,0.755,0.658,0.477,0.675,0.014,0.713,0.695,0.707,0.358,0.205,0.366,0.827
A0540,0.766,0.625,0.795,0.173,0.919,0.539,0.787,0.425,0.905,0.367,0.067,0.178,0.627,0.11,0.898,0.577,0.899,0.594,0.697,0.041
A0541,0.41,0.395,0.801,0.677,0.372,0.074,0.434,0.435,0.086,0.804,0.563,0.474,0.3,0.972,0.147,0.807,0.94,0.066,0.525,0.482
A0542,0.857,0.137,0.233,0.344,0.901,0.815,0.105,0.726,0.164,0.599,0.503,0.254,0.277,0.581,0.322,0.754,0.999,0.644,0.641,0.874
A0543,0.273,0.613,0.086,0.372,0.198,0.155,0.599,0.41,0.139,0.918,0.998,0.468,0.252,0.476,0.979,0.965,0.896,0.38,0.58,0.839
A0544,0.769,0.376,0.525,0.383,0.24,0.29,0.391,0.819,0.253,0.662,0.315,0.098,0.873,0.556,0.085,0.751,0.232,0.688,0.124,0.632
A0545,0.444,0.696,0.196,0.461,0.079,0.592,0.692,0.281,0.445,0.276,0.247,0.546,0.743,0.642,0.354,0.167,0.394,0.963,0.252,0.165
A0546,0.261,0.741,0.415,0.177,0.645,0.648,0.68,0.929,0.726,0.185,0.756,0.538,0.024,0.739,0.995,0.862,0.009,0.236,0.446,0.903
A0547,0.821,0.149,0.413,0.367,0.412,0.271,0.833,0.419,0.34,0.607,0.421,0.268,0.389,0.51,0.431,0.113,0.177,0.081,0.665,0.386
A0548,0.27,0.779,0.994,0.833,0.96,0.238,0.382,0.221,0.831,0.153,0.272,0.969,0.927,0.193,0.966,0.124,0.793,0.101,0.927,0.447
A0549,0.218,0.995,0.095,0.634,0.781,0.313,0.12,0.097,0.95,0.561,0.036,0.323,0.176,0.814,0.937,0.196,0.982,0.484,0.534,0.312
A0550,0.745,0.417,0.94,0.346,0.178,0.017,0.337,0.826,0.873,0.334,0.032,0.828,0.092,0.6,0.402,0.263,0.275,0.352,0.152,0.97
A0551,0.804,0.347,0.35,0.007,0.699,0.893,0.197,0.523,0.168,0.351,0.459,0.934,0.505,0.501,0.901,0.712,0.821,0.205,0.986,0.303
A0552,0.326,0.186,0.342,0.482,0.193,0.184,0.902,0.37,0.684,0.193,0.131,0.33,0.767,0.228,0.39,0.647,0.859,0.039,0.722,0.378
A0553,0.051,0.729,0.687,0.512,0.353,0.758,0.746,0.244,0.153,0.156,0.539,0.761,0.374,0.416,0.92,0.754,0.904,0.031,0.175,0.595
A0554,0.621,0.663,0.226,0.455,0.47,0.286,0.579,0.944,0.311,0.88,0.094,0.476,0.145,0.965,0.648,0.884,0.424,0.174,0.873,0.717
A0555,0.312,0.097,0.318,0.709,0.122,0.036,0.721,0.011,0.245,0.144,0.31,0.1,0.899,0.843,0.668,0.489,0.38,0.822,0.884,0.565
A0556,0.061,0.9,0.338,0.201,0.33,0.668,0.218,0.11,0.245,0.699,0.655,0.911,0.964,0.421,0.069,0.483,0.162,0.505,0.928,0.956
A0557,0.678,0.451,0.608,0.427,0.51,0.86,0.01,0.314,0.603,0.705,0.826,0.267,0.581,0.702,0.958,0.168,0.824,0.308,0.463,0.966
A0558,0.529,0.834,0.97,0.777,0.928,0.075,0.778,0.461,0.678,0.269,0.682,0.188,0.818,0.176,0.256,0.981,0.499,0.355,0.822,0.616
A0559,0.415,0.18,0.686,0.702,0.089,0.581,0.844,0.184,0.181,0.217,0.387,0.921,0.845,0.491,0.342,0.238,0.245,0.908,0.608,0.293
A0560,0.393,0.428,0.287,0.013,0.208,0.604,0.161,0.104,0.282,0.998,0.284,0.803,0.251,0.904,0.904,0.928,0.448,0.448,0.35,0.924
A0561,0.083,0.515,0.051,0.472,0.364,0.891,0.65,0.641,0.554,0.925,0.86,0.466,0.625,0.032,0.13,0.662,0.151,0.959,0.924,0.803
A0562,0.444,0.742,0.605,0.661,0.246,0.548,0.224,0.126,0.497,0.286,0.49,0.453,0.212,0.959,0.897,0.38,0.705,0.255,0.004,0.688
A0563,0.004,0.336,0.302,0.577,0.149,0.823,0.073,0.903,0.447,0.122,0.325,0.882,0.832,0.439,0.996,0.887,0.351,0.963,0.77,0.396
A0564,0.061,0.894,0.191,0.355,0.024,0.106,0.701,0.774,0.031,0.762,0.173,0.63,0.228,0.439,0.36,0.427,0.379,0.447,0.879,0.402
A0565,0.38,0.134,0.33,0.343,0.513,0.37,0.236,0.93,0.074,0.183,0.342,0.129,0.456,0.346,0.819,0.827,0.812,0.259,0.184,0.954
A0566,0.166,0.547,0.739,0.543,0.481,0.125,0.907,0.95,0.052,0.957,0.099,0.843,0.681,0.353,0.324,0.852,0.281,0.805,0.35,0.084
A0567,0.056,0.784,0.762,0.174,0.331,0.094,0.01,0.341,0.407,0.972,0.997,0.599,0.48,0.774,0.877,0.937,0.714,0.192,0.253,0.957
A0568,0.477,0.684,0.143,0.478,0.665,0.528,0.75,0.907,0.789,0.284,0.295,0.226,0.893,0.431,0.584,0.807,0.267,0.956,0.258,0.852
A0569,0.944,0.199,0.587,0.402,0.3,0.029,0.897,0.513,0.964,0.55,0.14,0.283,0.491,0.377,0.577,0.814,0.478,0.346,0.045,0.554
A0570,0.31,0.738,0.014,0.192,0.038,0.097,0.788,0.539,0.586,0.662,0.987,0.731,0.685,0.881,0.581,0.185,0.852,0.873,0.33,0.335
A0571,0.507,0.011,0.08,0.983,0.694,0.338,0.81,0.202,0.361,0.85,0.146,0.368,0.971,0.227,0.276,0.135,0.738,0.594,0.379,0.486
A0572,0.17,0.01,0.245,0.67,0.312,0.941,0.731,0.744,0.6,0.582,0.856,0.94,0.541,0.118,0.639,0.968,0.486,0.891,0.508,0.105
A0573,0.502,0.508,0.768,0.945,0.734,0.155,0.149,0.028,0.1,0.828,0.199,0.162,0.39,0.984,0.699,0.606,0.807,0.367,0.434,0.461
A0574,0.652,0.552,0.718,0.475,0.976,0.037,0.477,0.917,0.736,0.445,0.97,0.327,0.526,0.477,0.609,0.678,0.1,0.967,0.154,0.848
A0575,0.256,0.495,0.545,0.177,0.266,0.089,0.418,0.308,0.176,0.314,0.905,0.467,0.905,0.862,0.459,0.619,0.958,0.237,0.457,0.571
A0576,0.93,0.625,0.736,0.036,0.297,0.887,0.96,0.276,0.467,0.505,0.864,0.803,0.66,0.832,0.388,0.773,0.624,0.828,0.304,0.89
A0577,0.207,0.856,0.735,0.494,0.958,0.946,0.347,0.076,0.356,0.567,0.513,0.106,0.438,0.192,0.104,0.455,0.703,0.079,0.863,0.134
A0578,0.954,0.513,0.292,0.874,0.294,0.21,0.779,0.339,0.469,0.632,0.408,0.4,0.371,0.593,0.351,0.603,0.069,0.185,0.35,0.762
A0579,0.441,0.273,0.994,0.242,0.267,0.77,0.816,0.259,0.942,0.217,0.305,0.171,0.703,0.636,0.813,0.418,0.121,0.8,0.949,0.959
A0580,0.746,0.07,0.035,0.121,0.527,0.351,0.255,0.969,0.831,0.811,0.222,0.453,0.201,0.17,0.343,0.223,0.832,0.975,0.16,0.589
A0581,0.422,0.674,0.262,0.945,0.78,0.264,0.611,0.431,0.947,0.221,0.391,0.14,0.089,0.91,0.45,0.027,0.848,0.263,0.438,0.896
A0582,0.021,0.803,0.025,0.784,0.37,0.895,0.745,0.362,0.226,0.48,0.553,0.71,0.96,0.658,0.005,0.263,0.086,0.457,0.555,0.372
A0583,0.649,0.228,0.755,0.985,0.928,0.836,0.707,0.577,0.366,0.288,0.711,0.583,0.435,0.135,0.373,0.433,0.113,0.856,0.274,0.376
A0584,0.683,0.987,0.924,0.238,0.214,0.255,0.927,0.307,0.556,0.25,0.49,0.558,0.457,0.895,0.824,0.135,0.707,0.799,0.873,0.458
A0585,0.072,0.623,0.548,0.472,0.865,0.475,0.863,0.72,0.982,0.468,0.532,0.576,0.42,0.135,0.546,0.033,0.294,0.118,0.488,0.366
A0586,0.877,0.998,0.362,0.639,0.905,0.846,0.161,0.592,0.168,0.256,0.447,0.008,0.272,0.615,0.764,0.786,0.358,0.143,0.779,0.278
A0587,0.972,0.548,0.308,0.557,0.276,0.865,0.474,0.526,0.897,0.691,0.291,0.847,0.053,0.409,0.459,0.841,0.728,0.972,0.079,0.625
A0588,0.658,0.958,0.809,0.15,0.474,0.315,0.377,0.896,0.671,0.304,0.523,0.18,0.6,0.158,0.863,0.039,0.388,0.569,0.855,0.213
A0589,0.087,0.399,0.741,0.576,0.491,0.439,0.548,0.316,0.321,0.58,0.455,0.721,0.799,0.435,0.41,0.433,0.459,0.852,0.552,0.198
A0590,0.071,0.787,0.782,0.846,0.739,0.212,0.208,0.553,0.036,0.621,0.245,0.659,0.135,0.398,0.943,0.259,0.266,0.372,0.758,0.164
A0591,0.762,0.4,0.194,0.223,0.453,0.523,0.003,0.971,0.261,0.538,0.767,0.272,0.119,0.21,0.879,0.318,0.693,0.626,0.917,0.689
A0592,0.005,0.996,0.181,0.299,0.944,0.254,0.095,0.472,0.139,0.955,0.989,0.843,0.319,0.247,0.533,0.198,0.838,0.437,0.011,0.396
A0593,0.429,0.76,0.39,0.973,0.345,0.176,0.551,0.332,0.58,0.511,0.546,0.943,0.163,0.547,0.244,0.134,0.16,0.364,0.182,0.964
A0594,0.837,0.224,0.563,0.628,0.93,0.434,0.238,0.794,0.695,0.701,0.994,0.157,0.217,0.227,0.668,0.103,0.842,0.277,0.987,0.99
A0595,0.089,0.868,0.773,0.413,0.427,0.934,0.927,0.473,0.623,0.553,0.151,0.404,0.641,0.958,0.57,0.853,0.685,0.363,0.62,0.543
A0596,0.061,0.801,0.23,0.058,0.744,0.415,0.376,0.941,0.277,0.539,0.395,0.488,0.119,0.376,0.093,0.594,0.203,0.648,0.756,0.629
A0597,0.614,0.866,0.079,0.25,0.118,0.795,0.869,0.355,0.342,0.251,0.742,0.29,0.662,0.822,0.63,0.757,0.679,0.598,0.635,0.993
A0598,0.752,0.364,0.823,0.396,0.296,0.672,0.093,0.879,0.085,0.746,0.34,0.63,0.854,0.737,0.083,0.053,0.508,0.969,0.05,0.704
A0599,0.261,0.652,0.03,0.738,0.141,0.408,0.774,0.671,0.018,0.045,0.304,0.834,0.882,0.978,0.229,0.068,0.628,0.794,0.429,0.089
A0600,0.542,0.208,0.041,0.381,0.709,0.026,0.494,0.907,0.725,0.61,0.699,0.982,0.804,0.414,0.045,0.694,0.461,0.308,0.818,0.104
A0601,0.405,0.576,0.104,0.301,0.147,0.247,0.138,0.202,0.319,0.588,0.546,0.013,0.082,0.41,0.018,0.224,0.313,0.17,0.352,0.022
A0602,0.982,0.826,0.688,0.903,0.579,0.565,0.029,0.793,0.318,0.137,0.309,0.599,0.704,0.197,0.276,0.341,0.253,0.311,0.362,0.663
A0603,0.883,0.077,0.73,0.219,0.533,0.77,0.644,0.533,0.587,0.717,0.346,0.066,0.744,0.795,0.989,0.009,0.306,0.648,0.187,0.899
A0604,0.767,0.151,0.834,0.917,0.82,0.11,0.185,0.696,0.306,0.953,0.551,0.569,0.723,0.674,0.48,0.556,0.681,0.716,0.057,0.662
A0605,0.664,0.442,0.613,0.278,0.512,0.008,0.568,0.88,0.619,0.618,0.041,0.185,0.337,0.12,0.276,0.195,0.859,0.694,0.989,0.579
A0606,0.0,0.672,0.468,0.032,0.344,0.604,0.397,0.827,0.526,0.964,0.27,0.423,0.808,0.403,0.526,0.429,0.208,0.976,0.026,0.875
A0607,0.57,0.568,0.85,0.807,0.446,0.167,0.313,0.781,0.717,0.817,0.022,0.963,0.023,0.649,0.017,0.328,0.038,0.492,0.836,0.133
A0608,0.299,0.261,0.054,0.478,0.644,0.665,0.677,0.845,0.82,0.731,0.01,0.664,0.473,0.248,0.459,0.826,0.495,0.35,0.403,0.344
A0609,0.135,0.047,0.008,0.826,0.161,0.054,0.95,0.332,0.422,0.901,0.678,0.428,0.821,0.217,0.84,0.747,0.222,0.984,0.59,0.793
A0610,0.13,0.47,0.197,0.958,0.476,0.314,0.827,0.348,0.496,0.307,0.96,0.96,0.895,0.527,0.84,0.627,0.722,0.782,0.458,0.503
A0611,0.161,0.655,0.602,0.312,0.962,0.977,0.054,0.739,0.452,0.46,0.291,0.849,0.389,0.903,0.489,0.157,0.575,0.808,0.441,0.864
A0612,0.672,0.405,0.072,0.905,0.44,0.938,0.921,0.117,0.303,0.769,0.414,0.188,0.518,0.025,0.137,0.518,0.75,0.768,0.828,0.327
A0613,0.272,0.982,0.381,0.048,0.072,0.303,0.407,0.683,0.385,0.496,0.279,0.473,0.798,0.198,0.864,0.254,0.577,0.462,0.968,0.03
A0614,0.168,0.133,0.546,0.202,0.012,0.663,0.041,0.804,0.686,0.724,0.09,0.134,0.624,0.005,0.447,0.897,0.954,0.238,0.17,0.263
A0615,0.709,0.975,0.305,0.512,0.615,0.349,0.328,0.261,0.575,0.223,0.358,0.123,0.41,0.429,0.447,0.193,0.641,0.675,0.014,0.266
A0616,0.373,0.877,0.61,0.704,0.967,0.145,0.477,0.011,0.679,0.448,0.075,0.951,0.893,0.815,0.228,0.753,0.987,0.228,0.19,0.719
A0617,0.521,0.912,0.575,0.474,0.344,0.975,0.899,0.297,0.01,0.023,0.815,0.683,0.157,0.321,0.913,0.11,0.76,0.282,0.09,0.465
A0618,0.812,0.808,0.821,0.212,0.297,0.275,0.513,0.743,0.306,0.905,0.518,0.491,0.924,0.614,0.025,0.852,0.459,0.474,0.594,0.556
A0619,0.702,0.574,0.24,0.77,0.126,0.753,0.409,0.465,0.532,0.696,0.396,0.472,0.288,0.733,0.962,0.761,0.542,0.236,0.613,0.239
A0620,0.732,0.548,0.762,0.149,0.023,0.167,0.624,0.574,0.191,0.181,0.251,0.008,0.056,0.113,0.643,0.772,0.548,0.854,0.426,0.716
A0621,0.126,0.312,0.19,0.754,0.513,0.257,0.868,0.632,0.9,0.993,0.789,0.72,0.315,0.567,0.92,0.54,0.805,0.595,0.443,0.231
A0622,0.622,0.787,0.147,0.534,0.773,0.971,0.622,0.649,0.477,0.491,0.104,0.5,0.724,0.473,0.532,0.115,0.193,0.443,0.778,0.921
A0623,0.316,0.485,0.237,0.688,0.212,0.518,0.376,0.408,0.123,0.745,0.462,0.65,0.445,0.748,0.835,0.637,0.962,0.748,0.283,0.401
A0624,0.302,0.058,0.212,0.661,0.067,0.645,0.637,0.299,0.431,0.892,0.696,0.714,0.57,0.772,0.367,0.373,0.579,0.178,0.995,0.81
A0625,0.632,0.364,0.848,0.069,0.085,0.136,0.424,0.126,0.135,0.021,0.605,0.111,0.914,0.59,0.44,0.116,0.089,0.211,0.429,0.281
A0626,0.994,0.252,0.495,0.457,0.351,0.099,0.772,0.191,0.103,0.048,0.828,0.263,0.302,0.78,0.66,0.499,0.557,0.768,0.247,0.526
A0627,0.471,0.458,0.795,0.357,0.213,0.248,0.272,0.605,0.213,0.527,0.587,0.974,0.758,0.763,0.965,0.753,0.418,0.924,0.179,0.956
A0628,0.699,0.806,0.456,0.336,0.865,0.749,0.935,0.413,0.576,0.333,0.582,0.588,0.533,0.38,0.864,0.091,0.032,0.529,0.384,0.764
A0629,0.866,0.804,0.724,0.284,0.608,0.71,0.061,0.095,0.15,0.845,0.823,0.655,0.695,0.102,0.04,0.466,0.539,0.598,0.182,0.266
A0630,0.977,0.586,0.339,0.46,0.204,0.245,0.584,0.529,0.991,0.586,0.936,0.24,0.775,0.005,0.51,0.947,0.879,0.915,0.664,0.865
A0631,0.024,0.156,0.889,0.645,0.37,0.468,0.032,0.294,0.563,0.214,0.849,0.855,0.327,0.38,0.731,0.912,0.326,0.897,0.221,0.0
A0632,0.731,0.432,0.208,0.752,0.641,0.575,0.433,0.833,0.194,0.828,0.29,0.623,0.413,0.182,0.629,0.687,0.735,0.076,0.712,0.289
A0633,0.287,0.298,0.494,0.536,0.224,0.789,0.349,0.559,0.416,0.194,0.085,0.241,0.972,0.304,0.938,0.9,0.029,0.144,0.038,0.315
A0634,0.805,0.11,0.867,0.264,0.593,0.412,0.536,0.867,0.292,0.304,0.711,0.338,0.75,0.591,0.945,0.442,0.138,0.33,0.265,0.203
A0635,0.386,0.887,0.112,0.789,0.576,0.932,0.338,0.464,0.008,0.406,0.288,0.808,0.042,0.678,0.907,0.409,0.863,0.011,0.361,0.337
A0636,0.763,0.467,0.029,0.448,0.865,0.465,0.632,0.213,0.591,0.205,0.163,0.623,0.089,0.6,0.826,0.354,0.435,0.659,0.088,0.194
A0637,0.758,0.439,0.3,0.688,0.782,0.363,0.362,0.522,0.16,0.312,0.147,0.637,0.776,0.877,0.497,0.764,0.837,0.695,0.131,0.399
A0638,0.462,0.43,0.545,0.863,0.35,0.051,0.208,0.867,0.468,0.048,0.717,0.829,0.204,0.278,0.587,0.389,0.243,0.705,0.923,0.257
A0639,0.664,0.39,0.949,0.951,0.415,0.288,0.169,0.149,0.998,0.331,0.619,0.689,0.336,0.427,0.418,0.915,0.119,0.145,0.583,0.767
A0640,0.94,0.821,0.137,0.506,0.881,0.83,0.678,0.591,0.446,0.434,0.218,0.897,0.431,0.78,0.065,0.378,0.42,0.075,0.355,0.337
A0641,0.36,0.593,0.232,0.57,0.828,0.177,0.301,0.244,0.642,0.446,0.507,0.736,0.5,0.711,0.524,0.382,0.501,0.949,0.42,0.435
A0642,0.045,0.087,0.257,0.337,0.141,0.922,0.504,0.62,0.763,0.731,0.979,0.819,0.765,0.037,0.086,0.299,0.534,0.202,0.863,0.644
A0643,0.751,0.877,0.288,0.247,0.565,0.276,0.668,0.269,0.449,0.169,0.839,0.515,0.752,0.396,0.021,0.578,0.733,0.019,0.343,0.259
A0644,0.498,0.96,0.335,0.566,0.268,0.746,0.47,0.329,0.434,0.523,0.866,0.096,0.932,0.29,0.569,0.083,0.202,0.456,0.272,0.554
A0645,0.156,0.205,0.876,0.091,0.325,0.539,0.416,0.714,0.791,0.754,0.6,0.387,0.432,0.952,0.42,0.641,0.963,0.507,0.604,0.195
A0646,0.909,0.469,0.685,0.506,0.19,0.899,0.31,0.282,0.51,0.946,0.136,0.037,0.435,0.229,0.785,0.03,0.357,0.782,0.552,0.404
A0647,0.256,0.828,0.58,0.119,0.911,0.099,0.154,0.741,0.794,0.221,0.046,0.907,0.222,0.381,0.909,0.525,0.428,0.419,0.839,0.54
A0648,0.094,0.534,0.732,0.44,0.919,0.579,0.964,0.618,0.98,0.473,0.319,0.948,0.688,0.693,0.092,0.124,0.767,0.786,0.883,0.561
A0649,0.183,0.243,0.771,0.265,0.681,0.065,0.263,0.6,0.427,0.145,0.174,0.447,0.257,0.687,0.428,0.488,0.335,0.215,0.43,0.268
A0650,0.004,0.172,0.079,0.893,0.568,0.424,0.254,0.079,0.692,0.818,0.764,0.2,0.048,0.626,0.371,0.41,0.77,0.752,0.614,0.604
A0651,0.195,0.547,0.715,0.967,0.895,0.224,0.367,0.666,0.01,0.16,0.338,0.451,0.937,0.755,0.462,0.537,0.54,0.301,0.137,0.618
A0652,0.468,0.4,0.223,0.988,0.557,0.078,0.692,0.036,0.383,0.562,0.953,0.001,0.892,0.251,0.538,0.082,0.625,0.824,0.425,0.966
A0653,0.677,0.613,0.335,0.794,0.571,0.868,0.356,0.515,0.147,0.479,0.981,0.185,0.417,0.223,0.986,0.564,0.785,0.836,0.039,0.608
A0654,0.909,0.827,0.707,0.365,0.833,0.436,0.403,0.355,0.044,0.104,0.012,0.004,0.682,0.234,0.035,0.104,0.56,0.832,0.198,0.237
A0655,0.732,0.528,0.097,0.321,0.521,0.316,0.433,0.945,0.981,0.627,0.071,0.413,0.996,0.921,0.791,0.168,0.809,0.488,0.98,0.823
A0656,0.406,0.817,0.187,0.652,0.017,0.825,0.196,0.042,0.961,0.516,0.452,0.974,0.165,0.63,0.236,0.631,0.546,0.038,0.912,0.463
A0657,0.643,0.085,0.215,0.17,0.655,0.094,0.704,0.629,0.568,0.303,0.355,0.138,0.398,0.353,0.163,0.075,0.64,0.444,0.287,0.569
A0658,0.796,0.622,0.975,0.975,0.191,0.726,0.424,0.957,0.027,0.865,0.616,0.167,0.955,0.427,0.271,0.413,0.076,0.664,0.026,0.729
A0659,0.77,0.369,0.437,0.966,0.18,0.668,0.112,0.521,0.481,0.869,0.042,0.229,0.296,0.565,0.827,0.66,0.612,0.532,0.509,0.414
A0660,0.828,0.746,0.65,0.465,0.981,0.167,0.92,0.918,0.198,0.835,0.088,0.258,0.769,0.727,0.185,0.938,0.156,0.243,0.918,0.955
A0661,0.422,0.845,0.198,0.444,0.303,0.053,0.6,0.782,0.681,0.96,0.83,0.835,0.888,0.375,0.33,0.268,0.814,0.195,0.112,0.876
A0662,0.847,0.637,0.874,0.032,0.589,0.975,0.414,0.856,0.66,0.88,0.063,0.126,0.8,0.292,0.668,0.973,0.507,0.632,0.167,0.524
A0663,0.538,0.54,0.069,0.039,0.524,0.998,0.44,0.837,0.764,0.816,0.412,0.098,0.877,0.618,0.019,0.973,0.301,0.106,0.737,0.065
A0664,0.289,0.161,0.655,0.04,0.772,0.4,0.061,0.851,0.763,0.716,0.859,0.459,0.988,0.86,0.346,0.148,0.638,0.916,0.271,0.894
A0665,0.377,0.032,0.669,0.907,0.751,0.828,0.348,0.867,0.558,0.519,0.963,0.728,0.952,0.702,0.523,0.908,0.911,0.194,0.686,0.294
A0666,0.176,0.523,0.334,0.602,0.107,0.566,0.046,0.869,0.413,0.851,0.027,0.28,0.946,0.328,0.441,0.495,0.738,0.777,0.094,0.169
A0667,0.732,0.399,0.906,0.011,0.127,0.01,0.538,0.664,0.728,1.0,0.762,0.947,0.908,0.336,0.103,0.16,0.522,0.026,0.519,0.51
A0668,0.029,0.623,0.36,0.148,0.656,0.68,0.303,0.996,0.497,0.166,0.96,0.904,0.519,0.437,0.004,0.678,0.947,0.046,0.599,0.77
A0669,0.82,0.426,0.904,0.552,0.2,0.426,0.181,0.596,0.405,0.979,0.289,0.345,0.894,0.819,0.79,0.21,0.047,0.37,0.846,0.379
A0670,0.07,0.999,0.236,0.064,0.521,0.2,0.027,0.39,0.269,0.322,0.964,0.064,0.556,0.312,0.936,0.734,0.025,0.243,0.457,0.505
A0671,0.35,0.141,0.247,0.137,0.939,0.398,0.799,0.984,0.732,0.265,0.817,0.26,0.783,0.715,0.368,0.505,0.299,0.213,0.709,0.257
A0672,0.238,0.792,0.934,0.181,0.982,0.255,0.149,0.175,0.635,0.665,0.947,0.734,0.999,0.203,0.94,0.967,0.538,0.411,0.709,0.293
A0673,0.81,0.559,0.407,0.791,0.101,0.956,0.599,0.896,0.35,0.106,0.354,0.547,0.781,0.521,0.325,0.322,0.137,0.525,0.602,0.214
A0674,0.899,0.824,0.667,0.729,0.007,0.843,0.223,0.123,0.436,0.468,0.285,0.878,0.488,0.0,0.737,0.96,0.261,0.361,0.643,0.476
A0675,0.888,0.757,0.523,0.837,0.399,0.463,0.736,0.558,0.227,0.979,0.044,0.01,0.23,0.296,0.915,0.97,0.928,0.625,0.713,0.275
A0676,0.239,0.344,0.601,0.088,0.986,0.074,0.705,0.646,0.222,0.803,0.894,0.308,0.033,0.353,0.71,0.349,0.311,0.92,0.602,0.675
A0677,0.757,0.762,0.791,0.644,0.46,0.762,0.758,0.122,0.478,0.151,0.746,0.426,0.045,0.742,0.515,0.702,0.086,0.892,0.503,0.1
A0678,0.325,0.044,0.097,0.991,0.435,0.084,0.646,0.819,0.421,0.243,0.902,0.865,0.422,0.669,0.822,0.438,0.244,0.959,0.623,0.534
A0679,0.914,0.355,0.994,0.65,0.269,0.155,0.014,0.158,0.591,0.525,0.027,0.352,0.846,0.549,0.827,0.635,0.018,0.306,0.524,0.561
A0680,0.939,0.42,0.49,0.459,0.185,0.254,0.564,0.202,0.767,0.884,0.73,0.506,0.158,0.188,0.488,0.058,0.862,0.149,0.757,0.972
A0681,0.119,0.325,0.819,0.26,0.151,0.687,0.228,0.433,0.24,0.96,0.242,0.352,0.062,0.007,0.605,0.993,0.541,0.149,0.503,0.953
A0682,0.453,0.922,0.694,0.026,0.97,0.695,0.134,0.215,0.794,0.977,0.756,0.941,0.583,0.567,0.331,0.625,0.84,0.341,0.911,0.86
A0683,0.654,0.181,0.074,0.815,0.414,0.199,0.004,0.54,0.084,0.099,0.57,0.692,0.921,0.81,0.048,0.683,0.863,0.583,0.961,0.888
A0684,0.637,0.727,0.211,0.102,0.947,0.373,0.986,0.899,0.011,0.327,0.308,0.65,0.586,0.866,0.48,0.545,0.257,0.641,0.618,0.045
A0685,0.283,0.958,0.037,0.301,0.695,0.373,0.297,0.665,0.584,0.297,0.121,0.578,0.977,0.307,0.751,0.054,0.552,0.077,0.979,0.577
A0686,0.236,0.581,0.322,0.673,0.37,0.384,0.477,0.916,0.203,0.027,0.573,0.846,0.528,0.621,0.438,0.48,0.546,0.262,0.962,0.597
A0687,0.803,0.143,0.902,0.399,0.011,0.533,0.757,0.2,0.548,0.044,0.798,0.975,0.984,0.875,0.242,0.33,0.922,0.53,0.777,0.962
A0688,0.768,0.976,0.146,0.851,0.79,0.862,0.703,0.872,0.685,0.784,0.064,0.522,0.038,0.197,0.781,0.375,0.417,0.969,0.915,0.742
A0689,0.825,0.326,0.246,0.617,0.677,0.467,0.349,0.578,0.537,0.412,0.344,0.015,0.187,0.504,0.711,0.964,0.359,0.375,0.63,0.363
A0690,0.876,0.931,0.378,0.32,0.533,0.272,0.231,0.907,0.821,0.709,0.612,0.964,0.606,0.426,0.534,0.547,0.401,0.609,0.497,0.627
A0691,0.308,0.52,0.666,0.984,0.408,0.331,0.614,0.75,0.746,0.164,0.88,0.791,0.546,0.878,0.504,0.323,0.894,0.524,0.515,0.619
A0692,0.643,0.272,0.826,0.996,0.65,0.44,0.543,0.045,0.606,0.796,0.147,0.419,0.719,0.684,0.6,0.578,0.495,0.212,0.895,0.504
A0693,0.775,0.595,0.6,0.365,0.113,0.132,0.093,0.858,0.377,0.654,0.686,0.983,0.369,0.806,0.273,0.248,0.397,0.994,0.453,0.338
A0694,0.196,0.354,0.954,0.96,0.896,0.645,0.036,0.888,0.523,0.952,0.387,0.527,0.049,0.826,0.324,0.936,0.219,0.656,0.522,0.146
A0695,0.968,0.864,0.187,0.023,0.134,0.352,0.513,0.4,0.514,0.558,0.742,0.668,0.448,0.712,0.136,0.235,0.271,0.791,0.316,0.672
A0696,0.562,0.782,0.928,0.272,0.338,0.942,0.671,0.217,0.543,0.835,0.031,0.383,0.701,0.462,0.404,0.71,0.188,0.005,0.161,0.781
A0697,0.999,0.028,0.997,0.129,0.366,0.054,0.615,0.68,0.68,0.156,0.825,0.363,0.666,0.111,0.061,0.051,0.056,0.306,0.479,0.123
A0698,0.078,0.056,0.185,0.538,0.409,0.031,0.962,0.189,0.578,0.585,0.665,0.486,0.522,0.954,0.694,0.157,0.902,0.027,0.988,0.163
A0699,0.601,0.94,0.923,0.051,0.13,0.093,0.355,0.459,0.475,0.142,0.789,0.141,0.287,0.394,0.754,0.662,0.688,0.132,0.397,0.12
A0700,0.553,0.742,0.435,0.822,0.558,0.629,0.705,0.681,0.073,0.681,0.734,0.73,0.907,0.288,0.38,0.962,0.806,0.392,0.887,0.567
A0701,0.761,0.652,0.432,0.064,0.426,0.673,0.236,0.013,0.867,0.653,0.615,0.244,0.215,0.874,0.064,0.275,0.532,0.997,0.467,0.06
A0702,0.156,0.399,0.92,0.408,0.716,0.419,0.807,0.28,0.479,0.754,0.932,0.988,0.831,0.241,0.756,0.813,0.069,0.574,0.144,0.125
A0703,0.185,0.709,0.965,0.352,0.371,0.098,0.085,0.621,0.025,0.396,0.65,0.214,0.313,0.686,0.355,0.817,0.683,0.766,0.777,0.742
A0704,0.174,0.843,0.907,0.241,0.463,0.406,0.836,0.535,0.878,0.366,0.132,0.129,0.3,0.431,0.022,0.461,0.136,0.875,0.014,0.732
A0705,0.875,0.911,0.104,0.019,0.497,0.803,0.7,0.124,0.461,0.036,0.074,0.703,0.358,0.904,0.042,0.708,0.339,0.884,0.679,0.066
A0706,0.656,0.074,0.558,0.125,0.034,0.478,0.832,0.012,0.733,0.096,0.877,0.019,0.015,0.521,0.733,0.481,0.928,0.903,0.942,0.208
A0707,0.45,0.204,0.939,0.857,0.613,0.628,0.118,0.776,0.101,0.972,0.242,0.054,0.925,0.191,0.041,0.064,0.382,0.416,0.552,0.601
A0708,0.368,0.128,0.352,0.855,0.39,0.488,0.43,0.531,0.157,0.537,0.48,0.431,0.854,0.001,0.909,0.736,0.339,0.578,0.917,0.08
A0709,0.54,0.407,0.807,0.344,0.88,0.767,0.844,0.515,0.138,0.984,0.547,0.838,0.286,0.891,0.972,0.992,0.598,0.942,0.113,0.973
A0710,0.099,0.409,0.214,0.27,0.577,0.813,0.908,0.857,0.622,0.037,0.516,0.026,0.76,0.078,0.432,0.642,0.092,0.332,0.329,0.486
A0711,0.949,0.545,0.374,0.985,0.248,0.24,0.677,0.22,0.142,0.856,0.63,0.629,0.432,0.791,0.973,0.135,0.257,0.512,0.437,0.857
A0712,0.832,0.165,0.359,0.104,0.911,0.717,0.346,0.812,0.659,0.23,0.94,0.332,0.498,0.478,0.968,0.975,0.122,0.786,0.121,0.144
A0713,0.376,0.139,0.65,0.003,0.184,0.99,0.144,0.074,0.488,0.023,0.143,0.488,0.757,0.614,0.074,0.027,0.001,0.867,0.934,0.674
A0714,0.186,0.963,0.461,0.662,0.683,1.0,0.996,0.61,0.091,0.181,0.309,0.677,0.064,0.542,0.655,0.5,0.438,0.025,0.789,0.428
A0715,0.248,0.468,0.421,0.241,0.322,0.382,0.692,0.519,0.292,0.221,0.038,0.5,0.163,0.716,0.392,0.126,0.495,0.252,0.501,0.43
A0716,0.849,0.967,0.509,0.97,0.629,0.799,0.033,0.934,0.627,0.16,0.46,0.025,0.394,0.612,0.626,0.158,0.13,0.355,0.718,0.336
A0717,0.473,0.636,0.894,0.252,0.066,0.205,0.969,0.557,0.839,0.943,0.338,0.261,0.249,0.18,0.066,0.955,0.398,0.615,0.675,0.437
A0718,0.161,0.262,0.596,0.363,0.652,0.428,0.818,0.361,0.635,0.602,0.085,0.93,0.739,0.691,0.567,0.842,0.291,0.925,0.494,0.971
A0719,0.632,0.364,0.967,0.673,0.952,0.088,0.21,0.146,0.373,0.373,0.286,0.122,0.498,0.212,0.814,0.564,0.275,0.112,0.781,0.277
A0720,0.743,0.403,0.339,0.617,0.867,0.818,0.157,0.467,0.847,0.788,0.033,0.785,0.044,0.546,0.73,0.491,0.203,0.515,0.304,0.283
A0721,0.135,0.912,0.62,0.476,0.648,0.424,0.648,0.094,0.788,0.407,0.153,0.706,0.686,0.896,0.302,0.376,0.164,0.169,0.256,0.394
A0722,0.031,0.403,0.281,0.143,0.235,0.319,0.618,0.537,0.4,0.169,0.023,0.62,0.807,0.751,0.033,0.29,0.089,0.585,0.212,0.783
A0723,0.337,0.247,0.189,0.708,0.653,0.716,0.646,0.206,0.246,0.313,0.795,0.44,0.718,0.937,0.824,0.924,0.202,0.951,0.078,0.674
A0724,0.954,0.582,0.411,0.05,0.017,0.057,0.337,0.765,0.41,0.768,0.308,0.599,0.495,0.886,0.345,0.028,0.791,0.019,0.894,0.071
A0725,0.393,0.967,0.352,0.595,0.48,0.253,0.532,0.099,0.514,0.112,0.113,0.795,0.754,0.315,0.485,0.375,0.249,0.51,0.605,0.029
A0726,0.572,0.829,0.837,0.302,0.31,0.862,0.641,0.696,0.587,0.026,0.922,0.601,0.037,0.937,0.484,0.984,0.988,0.432,0.6,0.413
A0727,0.654,0.562,0.988,0.593,0.273,0.476,0.871,0.504,0.817,0.854,0.627,0.76,0.993,0.385,0.551,0.433,0.968,0.964,0.745,0.745
A0728,0.987,0.836,0.39,0.764,0.87,0.049,0.32,0.385,0.054,0.986,0.373,0.728,0.322,0.057,0.02,0.36,0.324,0.742,0.663,0.663
A0729,0.867,0.25,0.695,0.85,0.13,0.338,0.521,0.73,0.366,0.286,0.292,0.703,0.205,0.433,0.499,0.828,0.684,0.823,0.262,0.824
A0730,0.774,0.292,0.299,0.057,0.766,0.486,0.819,0.187,0.288,0.382,0.592,0.24,0.102,0.931,0.506,0.372,0.749,0.238,0.747,0.324
A0731,0.232,0.58,0.655,0.369,0.234,0.031,0.178,0.664,0.507,0.085,0.391,0.001,0.776,0.849,0.437,0.565,0.67,0.99,0.891,0.123
A0732,0.336,0.483,0.976,0.943,0.891,0.691,0.255,0.721,0.775,0.376,0.017,0.467,0.115,0.686,0.369,0.398,0.783,0.199,0.406,0.471
A0733,0.74,0.37,0.233,0.999,0.443,0.942,0.472,0.274,0.845,0.042,0.509,0.844,0.721,0.043,0.036,0.341,0.352,0.303,0.125,0.808
A0734,0.726,0.75,0.788,0.773,0.541,0.776,0.367,0.462,0.428,0.869,0.567,0.164,0.944,0.358,0.227,0.201,0.414,0.368,0.155,0.309
A0735,0.27,0.379,0.492,0.681,0.58,0.881,0.717,0.323,0.119,0.762,0.684,0.204,0.414,0.528,0.244,0.254,0.155,0.934,0.881,0.926
A0736,0.477,0.121,0.505,0.795,0.586,0.818,0.121,0.24,0.592,0.956,0.704,0.31,0.851,0.089,0.447,0.228,0.932,0.512,0.04,0.549
A0737,0.904,0.898,0.97,0.504,0.365,0.48,0.735,0.697,0.088,0.56,0.005,0.103,0.255,0.883,0.09,0.296,0.098,0.277,0.285,0.287
A0738,0.077,0.669,0.941,0.754,0.372,0.461,0.701,0.195,0.51,0.493,0.487,0.758,0.421,0.638,0.084,0.178,0.547,0.262,0.02,0.991
A0739,0.304,0.009,0.272,0.464,0.171,0.837,0.952,0.568,0.89,0.447,0.674,0.836,0.647,0.147,0.268,0.076,0.137,0.796,0.351,0.073
A0740,0.751,0.459,0.123,0.166,0.863,0.8,0.403,0.94,0.89,0.004,0.732,0.534,0.533,0.6,0.212,0.636,0.844,0.461,0.194,0.842
A0741,0.977,0.229,0.871,0.035,0.984,0.242,0.974,0.344,0.646,0.794,0.482,0.984,0.823,0.924,0.221,0.403,0.165,0.792,0.213,0.739
A0742,0.979,0.157,0.208,0.751,0.468,0.044,0.107,0.706,0.287,0.144,0.79,0.525,0.288,0.602,0.982,0.724,0.687,0.647,0.192,0.72
A0743,0.915,0.74,0.337,0.192,0.995,0.338,0.261,0.382,0.432,0.956,0.26,0.91,0.832,0.659,0.928,0.821,0.782,0.366,0.7,0.791
A0744,0.817,0.381,0.58,0.021,0.928,0.344,0.313,0.129,0.453,0.114,0.726,0.803,0.639,0.329,0.82,0.481,0.141,0.766,0.923,0.376
A0745,0.801,0.151,0.919,0.916,0.417,0.656,0.375,0.949,0.339,0.995,0.682,0.026,0.272,0.496,0.434,0.452,0.061,0.145,0.292,0.854
A0746,0.08,0.978,0.035,0.912,0.33,0.551,0.927,0.974,0.261,0.79,0.202,0.633,0.937,0.187,0.897,0.601,0.472,0.425,0.876,0.57
A0747,0.054,0.127,0.824,0.316,0.724,0.552,0.865,0.336,0.244,0.933,0.515,0.913,0.411,0.41,0.967,0.118,0.939,0.821,0.117,0.001
A0748,0.202,0.123,0.049,0.228,0.533,0.276,0.596,0.973,0.561,0.075,0.06,0.112,0.752,0.651,0.803,0.445,0.224,0.178,0.545,0.649
A0749,0.32,0.323,0.114,0.245,0.518,0.777,0.423,0.025,0.282,0.073,0.614,0.82,0.043,0.435,0.159,0.695,0.834,0.221,0.799,0.363
A0750,0.505,0.478,0.601,0.706,0.619,0.906,0.448,0.621,0.214,0.647,0.44,0.337,0.359,0.697,0.089,0.92,0.861,0.749,0.043,0.348
A0751,0.86,0.223,0.115,0.69,0.674,0.841,0.447,0.061,0.234,0.856,0.257,0.036,0.954,0.314,0.619,0.544,0.56,0.01,0.488,0.016
A0752,0.66,0.96,0.983,0.685,0.234,0.035,0.51,0.487,0.319,0.495,0.134,0.923,0.792,0.024,0.344,0.028,0.601,0.148,0.979,0.885
A0753,0.502,0.105,0.472,0.426,0.321,0.636,0.912,0.59,0.636,0.527,0.03,0.485,0.682,0.422,0.634,0.88,0.411,0.058,0.556,0.942
A0754,0.462,0.144,0.485,0.807,0.349,0.646,0.622,0.929,0.808,0.354,0.338,0.91,0.577,0.232,0.555,0.868,0.045,0.392,0.416,0.501
A0755,0.151,0.483,0.813,0.205,0.81,0.902,0.033,0.21,0.476,0.87,0.8,0.196,0.44,0.492,0.994,0.252,0.051,0.408,0.825,0.523
A0756,0.303,0.537,0.758,0.421,0.894,0.398,0.73,0.521,0.176,0.984,0.062,0.596,0.842,0.846,0.446,0.327,0.161,0.72,0.203,0.411
A0757,0.974,0.994,0.342,0.872,0.317,0.258,0.671,0.377,0.484,0.057,0.031,0.417,0.106,0.974,0.838,0.47,0.299,0.953,0.875,0.172
A0758,0.491,0.147,0.686,0.695,0.516,0.554,0.249,0.041,0.678,0.944,0.782,0.634,0.83,0.092,0.22,0.016,0.093,0.253,0.726,0.035
A0759,0.423,0.614,0.836,0.358,0.337,0.345,0.097,0.634,0.844,0.016,0.454,0.149,0.714,0.741,0.745,0.636,0.192,0.77,0.637,0.421
A0760,0.354,0.022,0.809,0.349,0.777,0.027,0.638,0.356,0.688,0.656,0.702,0.177,0.593,0.687,0.742,0.483,0.172,0.557,0.801,0.134
A0761,0.4,0.29,0.679,0.727,0.351,0.574,0.383,0.249,0.555,0.237,0.942,0.156,0.169,0.461,0.487,0.764,0.254,0.408,0.22,0.071
A0762,0.304,0.172,0.813,0.161,0.457,0.31,0.478,0.894,0.706,0.71,0.331,0.439,0.14,0.165,0.132,0.658,0.29,0.06,0.147,0.85
A0763,0.608,0.533,0.134,0.535,0.349,0.845,0.311,0.971,0.736,0.556,0.817,0.131,0.704,0.392,0.577,0.488,0.698,0.207,0.979,0.549
A0764,0.109,0.394,0.31,0.644,0.868,0.441,0.925,0.366,0.571,0.481,0.908,0.385,0.592,0.437,0.178,0.681,0.884,0.673,0.575,0.903
A0765,0.644,0.997,0.729,0.665,0.326,0.381,0.178,0.808,0.518,0.709,0.388,0.935,0.267,0.057,0.938,0.26,0.229,0.333,0.202,0.645
A0766,0.082,0.783,0.002,0.282,0.602,0.847,0.763,0.575,0.486,0.488,0.061,0.334,0.844,0.225,0.415,0.645,0.513,0.184,0.704,0.199
A0767,0.703,0.804,0.35,0.411,0.985,0.88,0.667,0.785,0.381,0.903,0.949,0.35,0.493,0.895,0.047,0.097,0.801,0.335,0.246,0.664
A0768,0.944,0.884,0.126,0.882,0.167,0.467,0.347,0.486,0.501,0.874,0.851,0.352,0.762,0.221,0.311,0.282,0.134,0.653,0.362,0.853
A0769,0.638,0.422,0.874,0.186,0.832,0.351,0.406,0.574,0.359,0.523,0.437,0.318,0.39,0.325,0.567,0.849,0.622,0.469,0.036,0.35
A0770,0.366,0.236,0.04,0.588,0.421,0.105,0.981,0.102,0.878,0.855,0.171,0.892,0.221,0.344,0.51,0.691,0.582,0.33,0.24,0.184
A0771,0.733,0.548,0.106,0.367,0.425,0.732,0.344,0.173,0.674,0.235,0.358,0.695,0.644,0.194,0.027,0.576,0.33,0.997,0.916,0.336
A0772,0.616,0.804,0.738,0.674,0.573,0.048,0.857,0.144,0.742,0.215,0.372,0.601,0.244,0.4,0.518,0.308,0.82,0.871,0.27,0.874
A0773,0.663,0.158,0.537,0.666,0.44,0.801,0.395,0.457,0.445,0.478,0.834,0.567,0.891,0.872,0.342,0.098,0.667,0.586,0.273,0.283
A0774,0.942,0.129,0.826,0.996,0.932,0.237,0.968,0.645,0.917,0.4,0.495,0.649,0.58,0.896,0.226,0.261,0.354,0.739,0.962,0.731
A0775,0.774,0.142,0.961,0.032,0.161,0.08,0.674,0.132,0.418,0.395,0.884,0.2,0.215,0.115,0.506,0.241,0.37,0.781,0.677,0.859
A0776,0.843,0.52,0.62,0.023,0.398,0.786,0.942,0.439,0.289,0.224,0.684,0.542,0.323,0.331,0.696,0.962,0.407,0.182,0.542,0.804
A0777,0.638,0.239,0.856,0.716,0.956,0.337,0.669,0.277,0.434,0.375,0.061,0.202,0.751,0.226,0.33,0.196,0.129,0.425,0.572,0.437
A0778,0.531,0.303,0.492,0.468,0.11,0.398,0.793,0.723,0.048,0.832,0.974,0.706,0.974,0.832,0.8,0.479,0.74,0.716,0.275,0.574
A0779,0.292,0.361,0.008,0.222,0.181,0.412,0.712,0.505,0.84,0.321,0.656,0.549,0.788,0.476,0.029,0.625,0.056,0.443,0.359,0.936
A0780,0.346,0.436,0.497,0.496,0.212,0.396,0.311,0.806,0.017,0.404,0.937,0.192,0.061,0.361,0.048,0.894,0.621,0.816,0.603,0.827
A0781,0.948,0.005,0.8,0.5,0.402,0.541,0.443,0.183,0.951,0.508,0.455,0.685,0.844,0.8,0.641,0.609,0.255,0.881,0.372,0.933
A0782,0.347,0.326,0.462,0.269,0.684,0.729,0.534,0.165,0.557,0.107,0.084,0.555,0.659,0.06,0.69,0.801,0.766,0.497,0.681,0.867
A0783,0.169,0.478,0.178,0.828,0.632,0.998,0.724,0.751,0.783,0.735,0.719,0.079,0.196,0.669,0.725,0.135,0.379,0.679,0.443,0.048
A0784,0.999,0.689,0.13,0.242,0.926,0.445,0.393,0.538,0.422,0.486,0.813,0.945,0.427,0.053,0.619,0.731,0.129,0.75,0.284,0.641
A0785,0.186,0.523,0.838,0.377,0.177,0.202,0.734,0.054,0.857,0.593,0.733,0.229,0.05,0.27,0.005,0.107,0.039,0.637,0.06,0.319
A0786,0.391,0.968,0.438,0.384,0.509,0.308,0.201,0.876,0.584,0.853,0.502,0.078,0.639,0.016,0.825,0.757,0.784,0.33,0.898,0.276
A0787,0.574,0.753,0.165,0.206,0.183,0.346,0.073,0.155,0.249,0.211,0.813,0.995,0.934,0.007,0.833,0.232,0.761,0.107,0.664,0.203
A0788,0.652,0.839,0.05,0.877,0.959,0.627,0.569,0.89,0.523,0.95,0.237,0.294,0.162,0.427,0.315,0.758,0.52,0.188,0.821,0.8
A0789,0.793,0.242,0.007,0.775,0.566,0.405,0.065,0.078,0.483,0.299,0.117,0.601,0.208,0.643,0.219,0.925,0.401,0.392,0.658,0.494
A0790,0.953,0.46,0.948,0.56,0.118,0.438,0.737,0.571,0.568,0.839,0.036,0.259,0.045,0.766,0.66,0.624,0.41,0.507,0.163,0.995
A0791,0.563,0.754,0.489,0.485,0.453,0.277,0.903,0.257,0.103,0.157,0.585,0.431,0.958,0.012,0.386,0.922,0.771,0.164,0.338,0.989
A0792,0.854,0.418,0.647,0.354,0.839,0.415,0.882,0.32,0.874,0.408,0.126,0.463,0.06,0.495,0.2,0.772,0.667,0.379,0.327,0.137
A0793,0.47,0.696,0.306,0.948,0.004,0.644,0.371,0.227,0.176,0.958,0.185,0.259,0.775,0.338,0.334,0.821,0.945,0.865,0.44,0.961
A0794,0.499,0.852,0.172,0.814,0.774,0.971,0.802,0.23,0.951,0.082,0.692,0.345,0.015,0.625,0.533,0.656,0.015,0.697,0.881,0.502
A0795,0.79,0.355,0.45,0.293,0.522,0.322,0.57,0.905,0.685,0.334,0.568,0.912,0.686,0.17,0.894,0.573,0.748,0.887,0.007,0.146
A0796,0.489,0.288,0.929,0.287,0.56,0.714,0.289,0.946,0.1,0.352,0.307,0.347,0.986,0.773,0.341,0.075,0.107,0.978,0.461,0.306
A0797,0.98,0.991,0.666,0.94,0.081,0.033,0.529,0.7,0.866,0.665,0.541,0.56,0.436,0.886,0.914,0.673,0.379,0.755,0.59,0.8
A0798,0.36,0.292,0.861,0.217,0.823,0.715,0.038,0.514,0.941,0.577,0.533,0.196,0.136,0.895,0.506,0.023,0.049,0.987,0.294,0.474
A0799,0.399,0.908,0.86,0.001,0.441,0.688,0.741,0.657,0.441,0.07,0.283,0.485,0.311,0.815,0.201,0.211,0.632,0.167,0.36,0.01
A0800,0.99,0.054,0.582,0.936,0.69,0.964,0.413,0.426,0.776,0.638,0.321,0.144,0.316,0.558,0.706,0.462,0.21,0.431,0.338,0.769
A0801,0.573,0.581,0.113,0.123,0.849,0.526,0.038,0.689,0.572,0.955,0.134,0.319,0.764,0.406,0.476,0.93,0.176,0.424,0.431,0.646
A0802,0.441,0.585,0.693,0.095,0.413,0.668,0.669,0.949,0.124,0.1,0.252,0.67,0.982,0.018,0.92,0.576,0.441,0.523,0.59,0.758
A0803,0.525,0.713,0.658,0.006,0.406,0.329,0.617,0.968,0.054,0.033,0.731,0.882,0.446,0.768,0.506,0.673,0.896,0.01,0.647,0.103
A0804,0.176,0.409,0.323,0.342,0.968,0.319,0.555,0.671,0.447,0.656,0.704,0.618,0.025,0.657,0.559,0.505,0.298,0.476,0.347,0.715
A0805,0.019,0.906,0.384,0.559,0.881,0.635,0.759,0.283,0.661,0.661,0.846,0.816,0.559,0.043,0.523,0.84,0.405,0.282,0.05,0.384
A0806,0.706,0.063,0.141,0.283,0.397,0.189,0.705,0.816,0.819,0.164,0.937,0.937,0.654,0.724,0.418,0.358,0.697,0.241,0.196,0.333
A0807,0.444,0.705,0.193,0.616,0.103,0.021,0.684,0.78,0.443,0.838,0.823,0.151,0.399,0.797,0.528,0.846,0.628,0.668,0.454,0.759
A0808,0.018,0.589,0.308,0.241,0.373,0.014,0.85,0.92,0.778,0.653,0.073,0.849,0.816,0.609,0.293,0.291,0.307,0.6,0.977,0.312
A0809,0.892,0.781,0.481,0.468,0.982,0.678,0.555,0.807,0.239,0.717,0.536,0.159,0.953,0.366,0.419,0.045,0.331,0.858,0.265,0.768
A0810,0.175,0.677,0.443,0.504,0.935,0.479,0.682,0.986,0.464,0.635,0.235,0.129,0.512,0.878,0.527,0.686,0.263,0.74,0.346,0.566
A0811,0.68,0.007,0.863,0.557,0.32,0.052,0.207,0.294,0.485,0.985,0.285,0.609,0.046,0.047,0.08,0.589,0.611,0.861,0.361,0.01
A0812,0.689,0.613,0.137,0.161,0.305,0.042,0.702,0.186,0.742,0.304,0.358,0.57,0.131,0.218,0.169,0.707,0.404,0.673,0.036,0.95
A0813,0.417,0.18,0.069,0.143,0.336,0.082,0.284,0.479,0.441,0.529,0.377,0.744,0.277,0.399,0.449,0.345,0.784,0.006,0.553,0.832
A0814,0.305,0.25,0.438,0.548,0.823,0.693,0.919,0.184,0.422,0.458,0.382,0.114,0.679,0.836,0.709,0.517,0.083,0.475,0.125,0.808
A0815,0.915,0.604,0.521,0.4,0.889,0.671,0.606,0.465,0.137,0.321,0.37,0.765,0.975,0.159,0.178,0.213,0.424,0.41,0.524,0.164
A0816,0.427,0.715,0.837,0.907,0.964,0.152,0.447,0.809,0.563,0.217,0.398,0.887,0.459,0.878,0.602,0.912,0.007,0.458,0.445,0.914
A0817,0.643,0.905,0.065,0.893,0.358,0.926,0.153,0.018,0.08,0.889,0.626,0.972,0.711,0.263,0.973,0.912,0.957,0.601,0.625,0.519
A0818,0.061,0.164,0.237,0.925,0.992,0.939,0.086,0.731,0.286,0.756,0.566,0.51,0.265,0.32,0.964,0.506,0.312,0.942,0.221,0.416
A0819,0.256,0.244,0.886,0.294,0.412,0.757,0.48,0.176,0.304,0.891,0.62,0.058,0.669,0.994,0.685,0.919,0.908,0.431,0.816,0.337
A0820,0.979,0.511,0.799,0.575,0.518,0.172,0.002,0.947,0.952,0.961,0.583,0.299,0.6,0.799,0.936,0.839,0.779,0.625,0.416,0.53
A0821,0.845,0.94,0.662,0.188,0.436,0.637,0.282,0.351,0.685,0.554,0.889,0.712,0.471,0.707,0.705,0.059,0.071,0.013,0.215,0.745
A0822,0.295,0.615,0.73,0.891,0.977,0.557,0.345,0.273,0.302,0.743,0.455,0.635,0.677,0.627,0.696,0.835,0.719,0.957,0.625,0.015
A0823,0.153,0.05,0.408,0.516,0.449,0.432,0.132,0.089,0.161,0.451,0.477,0.59,0.581,0.971,0.48,0.61,0.805,0.531,0.059,0.184
A0824,0.444,0.361,0.351,0.732,0.461,0.676,0.651,0.977,0.89,0.603,0.435,0.304,0.992,0.896,0.94,0.57,0.141,0.577,0.69,0.655
A0825,0.897,0.378,0.383,0.972,0.313,0.485,0.834,0.597,0.523,0.647,0.506,0.646,0.646,0.243,0.232,0.601,0.68,0.701,0.777,0.267
A0826,0.678,0.523,0.182,0.945,0.763,0.869,0.71,0.349,0.166,0.068,0.454,0.481,0.765,0.9,0.905,0.328,0.204,0.008,0.38,0.509
A0827,0.493,0.859,0.768,0.255,0.168,0.999,0.146,0.056,0.392,0.794,0.378,0.911,0.246,0.879,0.225,0.805,0.119,0.988,0.763,0.315
A0828,0.638,0.597,0.167,0.713,0.69,0.316,0.056,0.501,0.902,0.584,0.822,0.573,0.265,0.236,0.879,0.311,0.13,0.365,0.697,0.563
A0829,0.746,0.323,0.969,0.944,0.435,0.241,0.278,0.469,0.083,0.525,0.133,0.311,0.936,0.808,0.424,0.531,0.104,0.489,0.369,0.879
A0830,0.43,0.642,0.947,0.678,0.059,0.133,0.693,0.63,0.905,0.65,0.378,0.794,0.301,0.238,0.771,0.182,0.92,0.28,0.935,0.924
A0831,0.037,0.525,0.511,0.708,0.978,0.944,0.979,0.358,0.345,0.881,0.755,0.988,0.511,0.852,0.11,0.691,0.48,0.002,0.796,0.142
A0832,0.836,0.475,0.765,0.082,0.243,0.474,0.428,0.115,0.225,0.816,0.09,0.133,0.261,0.323,0.067,0.177,0.883,0.905,0.154,0.466
A0833,0.111,0.767,0.192,0.696,0.159,0.258,0.698,0.025,0.093,0.097,0.919,0.089,0.882,0.072,0.471,0.347,0.438,0.455,0.425,0.692
A0834,0.777,0.376,0.864,0.855,0.38,0.659,0.081,0.64,0.255,0.891,0.207,0.942,0.783,0.932,0.625,0.054,0.451,0.774,0.305,0.998
A0835,0.158,0.997,0.003,0.212,0.156,0.429,0.519,0.03,0.427,0.795,0.338,0.518,0.923,0.997,0.433,0.587,0.738,0.069,0.247,0.052
A0836,0.286,0.147,0.948,0.043,0.431,0.912,0.119,0.957,0.626,0.425,0.748,0.081,0.26,0.408,0.898,0.17,0.365,0.501,0.161,0.341
A0837,0.683,0.923,0.437,0.869,0.17,0.29,0.635,0.802,0.977,0.441,0.829,0.486,0.64,0.124,0.699,0.811,0.308,0.149,0.324,0.682
A0838,0.334,0.968,0.259,0.56,0.768,0.933,0.109,0.035,0.535,0.875,0.573,0.483,0.689,0.446,0.334,0.598,0.45,0.902,0.807,0.587
A0839,0.414,0.519,0.831,0.861,0.418,0.012,0.786,0.912,0.025,0.283,0.175,0.457,0.067,0.412,0.997,0.775,0.353,0.917,0.474,0.18
A0840,0.48,0.539,0.532,0.355,0.234,0.78,0.556,0.382,0.094,0.252,0.756,0.777,0.756,0.845,0.484,0.1,0.667,0.55,0.657,0.494
A0841,0.88,0.087,0.517,0.257,0.632,0.582,0.757,0.197,0.603,0.972,0.218,0.263,0.714,0.323,0.122,0.547,0.827,0.983,0.463,0.382
A0842,0.549,0.739,0.159,0.781,0.447,0.135,0.129,0.055,0.04,0.386,0.428,0.884,0.151,0.782,0.111,0.526,0.536,0.097,0.006,0.354
A0843,0.942,0.245,0.901,0.945,0.21,0.816,0.722,0.534,0.738,0.341,0.123,0.437,0.15,0.444,0.803,0.3,0.176,0.999,0.138,0.32
A0844,0.41,0.14,0.666,0.923,0.483,0.127,0.302,0.151,0.112,0.522,0.869,0.686,0.393,0.841,0.331,0.103,0.472,0.392,0.059,0.777
A0845,0.091,0.161,0.839,0.837,0.288,0.833,0.922,0.162,0.141,0.077,0.978,0.368,0.089,0.571,0.42,0.379,0.436,0.699,0.61,0.693
A0846,0.739,0.83,0.801,0.739,0.266,0.605,0.661,0.478,0.165,0.855,0.625,0.46,0.472,0.586,0.716,0.964,0.947,0.631,0.888,0.729
A0847,0.921,0.602,0.203,0.566,0.933,0.001,0.778,0.596,0.002,0.506,0.701,0.105,0.95,0.505,0.923,0.986,0.911,0.913,0.116,0.781
A0848,0.329,0.692,0.252,0.002,0.594,0.262,0.755,0.12,0.859,0.036,0.061,0.204,0.546,0.098,0.49,0.719,0.809,0.355,0.366,0.193
A0849,0.178,0.886,0.658,0.488,0.713,0.068,0.049,0.797,0.748,0.264,0.735,0.803,0.807,0.882,0.341,0.43,0.259,0.079,0.718,0.45
A0850,0.324,0.194,0.203,0.106,0.946,0.037,0.657,0.42,0.579,0.253,0.628,0.301,0.174,0.864,0.845,0.085,0.243,0.053,0.048,0.638
A0851,0.864,0.349,0.314,0.37,0.572,0.266,0.658,0.724,0.29,0.923,0.008,0.409,0.257,0.148,0.276,0.027,0.944,0.131,0.528,0.139
A0852,0.859,0.605,0.339,0.395,0.123,0.576,0.075,0.504,0.651,0.943,0.167,0.336,0.753,0.264,0.721,0.186,0.733,0.481,0.052,0.061
A0853,0.227,0.852,0.522,0.313,0.973,0.52,0.536,0.028,0.178,0.537,0.572,0.261,0.941,0.891,0.414,0.507,0.711,0.468,0.626,0.414
A0854,0.609,0.759,0.296,0.648,0.081,0.717,0.072,0.462,0.44,0.643,0.261,0.823,0.512,0.191,0.86,0.782,0.251,0.58,0.769,0.473
A0855,0.891,0.782,0.325,0.207,0.392,0.685,0.17,0.216,0.01,0.688,0.063,0.224,0.673,0.111,0.191,0.445,0.17,0.486,0.009,0.243
A0856,0.473,0.068,0.064,0.815,0.011,0.262,0.248,0.538,0.434,0.736,0.997,0.678,0.907,0.855,0.065,0.89,0.212,0.875,0.052,0.841
A0857,0.963,0.155,0.716,0.027,0.019,0.43,0.17,0.36,0.32,0.434,0.557,0.715,0.818,0.626,0.501,0.155,0.408,0.349,0.804,0.687
A0858,0.902,0.04,0.636,0.32,0.553,0.194,0.935,0.999,0.604,0.384,0.292,0.499,0.374,0.982,0.318,0.787,0.161,0.238,0.046,0.622
A0859,0.085,0.596,0.165,0.03,0.148,0.794,0.514,0.009,0.978,0.564,0.582,0.992,0.74,0.736,0.619,0.635,0.525,0.99,0.205,0.392
A0860,0.2,0.887,0.031,0.779,0.459,0.219,0.723,0.475,0.704,0.032,0.779,0.367,0.094,0.833,0.953,0.188,0.295,0.363,0.005,0.131
A0861,0.573,0.178,0.443,0.927,0.201,0.715,0.833,0.9,0.431,0.574,0.046,0.626,0.042,0.813,0.643,0.402,0.885,0.122,0.075,0.886
A0862,0.501,0.488,0.975,0.112,0.419,0.146,0.733,0.424,0.061,0.22,0.81,0.47,0.06,0.348,0.478,0.743,0.897,0.667,0.974,0.686
A0863,0.442,0.448,0.216,0.336,0.848,0.414,0.775,0.961,0.254,0.245,0.918,0.89,0.434,0.544,0.111,0.011,0.667,0.499,0.974,0.037
A0864,0.336,0.944,0.993,0.381,0.968,0.586,0.099,0.185,0.536,0.334,0.195,0.072,0.757,0.183,0.748,0.064,0.378,0.604,0.794,0.748
A0865,0.812,0.773,0.237,0.974,0.439,0.993,0.197,0.009,0.013,0.091,0.297,0.247,0.771,0.166,0.407,0.758,0.832,0.007,0.889,0.035
A0866,0.799,0.406,0.714,0.059,0.526,0.043,0.473,0.765,0.713,0.57,0.035,0.123,0.832,0.739,0.721,0.551,0.795,0.559,0.152,0.598
A0867,0.866,0.283,0.748,0.169,0.399,0.874,0.171,0.543,0.875,0.406,0.699,0.034,0.097,0.995,0.8,0.056,0.062,0.897,0.915,0.58
A0868,0.004,0.564,0.802,0.888,0.368,0.062,0.652,0.024,0.091,0.066,0.088,0.522,0.394,0.69,0.679,0.322,0.338,0.818,0.89,0.277
A0869,0.824,0.476,0.958,0.668,0.914,0.772,0.765,0.073,0.844,0.76,0.196,0.345,0.206,0.476,0.963,0.046,0.92,0.324,0.554,0.156
A0870,0.329,0.029,0.109,0.73,0.601,0.606,0.114,0.719,0.102,0.142,0.279,0.235,0.52,0.323,0.278,0.677,0.945,0.194,0.385,0.709
A0871,0.133,0.173,0.451,0.904,0.071,0.767,0.876,0.302,0.859,1.0,0.063,0.948,0.466,0.011,0.184,0.045,0.39,0.206,0.173,0.556
A0872,0.058,0.084,0.266,0.052,0.537,0.501,0.202,0.867,0.239,0.084,0.339,0.401,0.089,0.654,0.852,0.729,0.182,0.109,0.479,0.811
A0873,0.726,0.37,0.556,0.335,0.046,0.237,0.953,0.435,0.2,0.391,0.289,0.174,0.733,0.334,0.678,0.739,0.342,0.578,0.296,0.865
A0874,0.866,0.497,0.186,0.938,0.727,0.463,0.715,0.973,0.219,0.656,0.014,0.982,0.342,0.029,0.433,0.289,0.588,0.24,0.224,0.579
A0875,0.303,0.436,0.662,0.298,0.363,0.405,0.906,0.942,0.668,0.731,0.199,0.889,0.817,0.76,0.84,0.976,0.9,0.89,0.231,0.92
A0876,0.353,0.616,0.931,0.608,0.937,0.918,0.102,0.766,0.668,0.079,0.72,0.632,0.984,0.678,0.22,0.16,0.038,0.52,0.264,0.469
A0877,0.284,0.409,0.433,0.321,0.512,0.936,0.993,0.449,0.637,0.336,0.802,0.683,0.061,0.528,0.008,0.376,0.529,0.619,0.258,0.812
A0878,0.608,0.512,0.592,0.09,0.772,0.144,0.138,0.662,0.949,0.744,0.328,0.879,0.547,0.087,0.971,0.996,0.635,0.746,0.476,0.202
A0879,0.958,0.927,0.364,0.581,0.252,0.819,0.528,0.374,0.626,0.346,0.144,0.165,0.373,0.066,0.099,0.804,0.368,0.875,0.712,0.204
A0880,0.402,0.725,0.303,0.692,0.709,0.449,0.912,0.636,0.142,0.067,0.162,0.923,0.276,0.749,0.958,0.124,0.477,0.813,0.245,0.821
A0881,0.283,0.261,0.637,0.346,0.328,0.061,0.902,0.792,0.593,0.151,0.483,0.61,0.211,0.465,0.045,0.839,0.461,0.781,0.081,0.205
A0882,0.911,0.437,0.132,0.057,0.85,0.48,0.419,0.679,0.778,0.335,0.862,0.685,0.928,0.571,0.976,0.846,0.991,0.212,0.551,0.523
A0883,0.885,0.804,0.576,0.983,0.26,0.05,0.58,0.181,0.45,0.341,0.215,0.046,0.74,0.88,0.781,0.688,0.805,0.955,0.405,0.545
A0884,0.33,0.868,0.142,0.431,0.006,0.164,0.92,0.316,0.062,0.393,0.641,0.186,0.893,0.734,0.713,0.985,0.371,0.491,0.285,0.797
A0885,0.256,0.161,0.029,0.912,0.23,0.268,0.38,0.431,0.249,0.295,0.621,0.109,0.781,0.345,0.383,0.74,0.811,0.182,0.973,0.429
A0886,0.06,0.531,0.347,0.93,0.711,0.514,0.13,0.823,0.079,0.849,0.394,0.225,0.696,0.661,0.297,0.602,0.647,0.512,0.698,0.82
A0887,0.768,0.018,0.63,0.668,0.31,0.276,0.061,0.769,0.036,0.598,0.527,0.871,0.01,0.606,0.148,0.028,0.799,0.733,0.538,0.919
A0888,0.439,0.184,0.918,0.25,0.318,0.517,0.07,0.749,0.846,0.072,0.387,0.91,0.215,0.685,0.499,0.65,0.418,0.472,0.412,0.516
A0889,0.294,0.448,0.727,0.737,0.069,0.387,0.68,0.019,0.119,0.915,0.535,0.49,0.665,0.278,0.211,0.455,0.352,0.024,0.894,0.944
A0890,0.026,0.042,0.89,0.211,0.4,0.448,0.914,0.189,0.993,0.721,0.022,0.233,0.434,0.695,0.333,0.108,0.043,0.607,0.873,0.249
A0891,0.959,0.261,0.472,0.205,0.453,0.99,0.981,0.276,0.777,0.916,0.136,0.897,0.967,0.654,0.676,0.257,0.114,0.304,0.281,0.078
A0892,0.068,0.741,0.67,0.38,0.241,0.979,0.57,0.631,0.813,0.477,0.087,0.791,0.239,0.939,0.824,0.385,0.209,0.85,0.05,0.934
A0893,0.249,0.535,0.253,0.766,0.293,0.55,0.553,0.716,0.22,0.835,0.998,0.491,0.902,0.635,0.95,0.346,0.803,0.38,0.428,0.995
A0894,0.745,0.014,0.645,0.384,0.434,0.94,0.35,0.207,0.761,0.727,0.654,0.093,0.27,0.925,0.337,0.432,0.606,0.914,0.275,0.296
A0895,0.966,0.807,0.514,0.856,0.617,0.096,0.959,0.017,0.638,0.992,0.251,0.066,0.345,0.841,0.918,0.885,0.649,0.598,0.11,0.758
A0896,0.747,0.454,0.059,0.526,0.69,0.516,0.92,0.173,0.278,0.979,0.888,0.235,0.304,0.577,0.613,0.412,0.43,0.785,0.917,0.359
A0897,0.875,0.645,0.411,0.104,0.894,0.928,0.973,0.943,0.794,0.237,0.106,0.664,0.471,0.841,0.761,0.53,0.922,0.257,0.977,0.803
A0898,0.737,0.268,0.295,0.368,0.024,0.181,0.564,0.03,0.366,0.456,0.104,0.121,0.857,0.324,0.843,0.835,0.37,0.207,0.58,0.7
A0899,0.717,0.763,0.766,0.632,0.161,0.791,0.767,0.757,0.811,0.972,0.546,0.792,0.531,0.993,0.072,0.735,0.443,0.746,0.688,0.217
A0900,0.604,0.944,0.377,0.338,0.206,0.056,0.942,0.04,0.233,0.169,0.961,0.653,0.904,0.598,0.066,0.391,0.185,0.286,0.666,0.701
A0901,0.121,0.401,0.167,0.719,0.06,0.714,0.526,0.842,0.871,0.894,0.591,0.159,0.738,0.774,0.362,0.537,0.3,0.298,0.996,0.367
A0902,0.114,0.03,0.662,0.441,0.271,0.643,0.302,0.744,0.795,0.313,0.425,0.627,0.005,0.715,0.182,0.772,0.551,0.343,0.674,0.783
A0903,0.202,0.418,0.701,0.049,0.456,0.886,0.043,0.443,0.002,0.93,0.289,0.444,0.84,0.359,0.399,0.616,0.633,0.746,0.516,0.469
A0904,0.411,0.753,0.743,0.99,0.518,0.933,0.944,0.145,0.671,0.887,0.592,1.0,0.86,0.05,0.595,0.96,0.832,0.975,0.059,0.727
A0905,0.105,0.259,0.884,0.541,0.87,0.192,0.935,0.942,0.282,0.723,0.391,0.987,0.226,0.107,0.379,0.903,0.827,0.19,0.986,0.371
A0906,0.078,0.198,0.263,0.901,0.166,0.096,0.567,0.389,0.231,0.193,0.595,0.797,0.767,0.624,0.498,0.923,0.092,0.424,0.279,0.754
A0907,0.123,0.025,0.469,0.4,0.922,0.169,0.735,0.981,0.411,0.741,0.573,0.834,0.118,0.229,0.721,0.615,0.801,0.761,0.595,0.705
A0908,0.079,0.905,0.556,0.249,0.417,0.176,0.732,0.897,0.01,0.067,0.252,0.068,0.932,0.211,0.086,0.86,0.523,0.913,0.005,0.668
A0909,0.083,0.211,0.039,0.124,0.905,0.254,0.755,0.363,0.524,0.228,0.091,0.554,0.748,0.48,0.34,0.221,0.765,0.542,0.553,0.798
A0910,0.975,0.354,0.121,0.564,0.585,0.562,0.201,0.049,0.123,0.601,0.604,0.618,0.445,0.772,0.568,0.833,0.653,0.002,0.086,0.408
A0911,0.642,0.708,0.54,0.573,0.162,0.229,0.025,0.106,0.672,0.837,0.003,0.574,0.573,0.512,0.111,0.102,0.305,0.346,0.474,0.679
A0912,0.42,0.558,0.138,0.727,0.273,0.307,0.966,0.595,0.416,0.861,0.315,0.748,0.018,0.025,0.208,0.642,0.179,0.43,0.469,0.184
A0913,0.377,0.667,0.372,0.925,0.2,0.913,0.557,0.426,0.815,0.645,0.955,0.01,0.822,0.87,0.64,0.231,0.625,0.839,0.606,0.594
A0914,0.887,0.689,0.807,0.988,0.005,0.043,0.532,0.074,0.273,0.105,0.4,0.654,0.647,0.645,0.725,0.294,0.066,0.085,0.974,0.846
A0915,0.991,0.723,0.983,0.097,0.65,0.626,0.739,0.931,0.514,0.952,0.001,0.184,0.772,0.195,0.001,0.724,0.71,0.826,0.65,0.859
A0916,0.229,0.858,0.6,0.305,0.251,0.899,0.862,0.52,0.959,0.597,0.292,0.096,0.327,0.01,0.102,0.063,0.195,0.769,0.428,0.03
A0917,0.216,0.94,0.929,0.709,0.983,0.651,0.12,0.506,0.486,0.671,0.171,0.068,0.511,0.485,0.745,0.55,0.698,0.406,0.694,0.261
A0918,0.479,0.129,0.344,0.49,0.551,0.375,0.545,0.17,0.25,0.86,0.461,0.687,0.599,0.726,0.983,0.369,0.173,0.005,0.471,0.622
A0919,0.981,0.49,0.215,0.821,0.872,0.374,0.342,0.813,0.445,0.473,0.065,0.073,0.526,0.15,0.721,0.837,0.35,0.762,0.515,0.459
A0920,0.408,0.575,0.552,0.883,0.205,0.283,0.744,0.815,0.539,0.305,0.387,0.819,0.231,0.971,0.193,0.659,0.474,0.033,0.965,0.922
A0921,0.483,0.535,0.167,0.735,0.41,0.75,0.855,0.719,0.589,0.247,0.202,0.612,0.497,0.701,0.223,0.916,0.811,0.53,0.405,0.36
A0922,0.887,0.122,0.142,0.544,0.66,0.269,0.21,0.854,0.84,0.172,0.131,0.468,0.944,0.043,0.901,0.372,0.912,0.641,0.569,0.906
A0923,0.527,0.521,0.331,0.074,0.84,0.052,0.728,0.194,0.675,0.334,0.632,0.261,0.243,0.496,0.611,0.031,0.547,0.378,0.435,0.822
A0924,0.624,0.022,0.891,0.381,0.859,0.767,0.428,0.656,0.485,0.713,0.222,0.948,0.507,0.035,0.546,0.997,0.201,0.269,0.591,0.165
A0925,0.031,0.076,0.363,0.731,0.633,0.991,0.742,0.69,0.466,0.314,0.353,0.665,0.644,0.343,0.925,0.041,0.759,0.069,0.964,0.64
A0926,0.543,0.062,0.912,0.702,0.81,0.427,0.7,0.005,0.932,0.884,0.85,0.491,0.002,0.099,0.429,0.124,0.098,0.625,0.455,0.324
A0927,0.846,0.145,0.57,0.095,0.978,0.254,0.526,0.924,0.298,0.72,0.323,0.046,0.614,0.956,0.718,0.481,0.583,0.036,0.94,0.407
A0928,0.327,0.407,0.232,0.599,0.203,0.039,0.806,0.098,0.948,0.03,0.624,0.878,0.216,0.234,0.532,0.776,0.099,0.409,0.743,0.242
A0929,0.62,0.042,0.104,0.512,0.138,0.342,0.939,0.067,0.728,0.331,0.88,0.463,0.522,0.967,0.117,0.276,0.296,0.066,0.863,0.581
A0930,0.382,0.153,0.589,0.447,0.927,0.529,0.358,0.029,0.235,0.464,0.923,0.412,0.096,0.848,0.033,0.27,0.378,0.295,0.529,0.697
A0931,0.714,0.165,0.567,0.566,0.204,0.302,0.243,0.482,0.066,0.327,0.461,0.987,0.949,0.828,0.24,0.544,0.63,0.849,0.387,0.45
A0932,0.754,0.406,0.243,0.92,0.15,0.761,0.28,0.898,0.296,0.038,0.908,0.722,0.47,0.818,0.958,0.61,0.248,0.793,0.634,0.796
A0933,0.348,0.88,0.568,0.664,0.477,0.13,0.183,0.067,0.271,0.313,0.939,0.237,0.793,0.305,0.013,0.244,0.562,0.422,0.097,0.193
A0934,0.281,0.395,0.184,0.372,0.446,0.936,0.109,0.948,0.901,0.667,0.195,0.0,0.87,0.742,0.599,0.622,0.152,0.154,0.67,0.73
A0935,0.925,0.917,0.614,0.338,0.015,0.469,0.743,0.333,0.418,0.905,0.205,0.708,0.142,0.408,0.25,0.524,0.92,0.293,0.503,0.651
A0936,0.968,0.31,0.184,0.85,0.842,0.343,0.525,0.8,0.191,0.789,0.696,0.827,0.678,0.489,0.63,0.537,0.719,0.375,0.804,0.131
A0937,0.427,0.601,0.034,0.533,0.64,0.241,0.518,0.473,0.391,0.034,0.051,0.148,0.248,0.652,0.304,0.427,0.15,0.842,0.959,0.837
A0938,0.128,0.721,0.298,0.825,0.317,0.877,0.366,0.759,0.149,0.448,0.382,0.15,0.621,0.584,0.507,0.172,0.359,0.83,0.037,0.852
A0939,0.034,0.061,0.962,0.225,0.333,0.256,0.41,0.853,0.687,0.701,0.971,0.765,0.946,0.422,0.464,0.915,0.895,0.256,0.469,0.082
A0940,0.371,0.519,0.223,0.799,0.068,0.568,0.419,0.15,0.533,0.329,0.225,0.382,0.244,0.958,0.057,0.155,0.54,0.803,0.636,0.16
A0941,0.227,0.801,0.807,0.977,0.653,0.238,0.518,0.393,0.51,0.635,0.939,0.854,0.344,0.516,0.282,0.756,0.79,0.407,0.617,0.04
A0942,0.028,0.901,0.11,0.918,0.637,0.687,0.596,0.228,0.315,0.739,0.603,0.574,0.895,0.832,0.019,0.516,0.113,0.043,0.874,0.531
A0943,0.541,0.856,0.164,0.12,0.894,0.541,0.968,0.025,0.209,0.279,0.65,0.658,0.314,0.475,0.225,0.658,0.606,0.1,0.893,0.201
A0944,0.253,0.232,0.713,0.351,0.251,0.446,0.86,0.058,0.173,0.697,0.913,0.449,0.852,0.599,0.819,0.389,0.831,0.156,0.011,0.474
A0945,0.285,0.973,0.664,0.973,0.556,0.731,0.067,0.362,0.181,0.932,0.636,0.213,0.014,0.601,0.324,0.922,0.785,0.574,0.656,0.893
A0946,0.918,0.619,0.34,0.585,0.178,0.48,0.88,0.082,0.022,0.265,0.625,0.315,0.837,0.211,0.102,0.45,0.355,0.399,0.787,0.963
A0947,0.627,0.326,0.677,0.286,0.953,0.495,0.57,0.776,0.385,0.353,0.794,0.041,0.363,0.432,0.261,0.379,0.15,0.227,0.415,0.042
A0948,0.075,0.339,0.869,0.398,0.357,0.217,0.545,0.025,0.335,0.62,0.504,0.496,0.103,0.272,0.921,0.526,0.708,0.641,0.394,0.96
A0949,0.386,0.113,0.323,0.514,0.669,0.458,0.673,0.979,0.804,0.066,0.362,0.952,0.804,0.016,0.727,0.46,0.804,0.897,0.753,0.634
A0950,0.657,0.017,0.175,0.108,0.079,0.866,0.919,0.803,0.967,0.263,0.241,0.927,0.969,0.499,0.001,0.384,0.9,0.112,0.235,0.386
A0951,0.78,0.741,0.459,0.994,0.011,0.511,0.679,0.202,0.604,0.605,0.617,0.105,0.641,0.295,0.199,0.571,0.014,0.616,0.101,0.941
A0952,0.202,0.586,0.023,0.733,0.642,0.435,0.457,0.637,0.305,0.725,0.063,0.657,0.557,0.345,0.757,0.706,0.59,0.181,0.894,0.109
A0953,0.17,0.72,0.065,0.321,0.591,0.182,0.418,0.041,0.112,0.888,0.345,0.432,0.383,0.645,0.981,0.612,0.084,0.846,0.967,0.957
A0954,0.948,0.437,0.949,0.975,0.529,0.525,0.018,0.462,0.285,0.34,0.215,0.148,0.749,0.578,0.906,0.339,0.97,0.812,0.207,0.63
A0955,0.239,0.06,0.812,0.256,0.755,0.158,0.644,0.071,0.879,0.865,0.982,0.126,0.949,0.71,0.61,0.814,0.189,0.596,0.979,0.548
A0956,0.8,0.226,0.202,0.059,0.757,0.38,0.165,0.936,0.97,0.579,0.886,0.998,0.609,0.834,0.512,0.042,0.529,0.034,0.367,0.384
A0957,0.316,0.434,0.559,0.074,0.745,0.355,0.506,0.339,0.15,0.269,0.466,0.07,0.247,0.909,0.579,0.51,0.888,0.426,0.603,0.492
A0958,0.475,0.298,0.227,0.171,0.373,0.458,0.465,0.551,0.483,0.8,0.245,0.816,0.765,0.717,0.741,0.893,0.096,0.129,0.248,0.493
A0959,0.904,0.21,0.254,0.644,0.978,0.761,0.846,0.951,0.645,0.36,0.982,0.37,0.415,0.548,0.071,0.552,0.71,0.804,0.486,0.936
A0960,0.972,0.062,0.3,0.103,0.002,0.778,0.378,0.88,0.571,0.829,0.968,0.199,0.897,0.6,0.477,0.008,0.792,0.089,0.031,0.432
A0961,0.896,0.842,0.697,0.839,0.322,0.61,0.709,0.851,0.214,0.475,0.352,0.036,0.491,0.533,0.235,0.592,0.165,0.505,0.137,0.032
A0962,0.641,0.913,0.475,0.345,0.109,0.782,0.589,0.99,0.997,0.189,0.934,0.013,0.139,0.002,0.287,0.461,0.032,0.874,0.191,0.708
A0963,0.446,0.848,0.489,0.296,0.25,0.275,0.099,0.364,0.151,0.661,0.586,0.367,0.233,0.102,0.986,0.09,0.334,0.519,0.052,0.991
A0964,0.541,0.123,0.426,0.49,0.343,0.223,0.932,0.772,0.67,0.731,0.564,0.937,0.374,0.247,0.956,0.401,0.469,0.56,0.065,0.467
A0965,0.387,0.6,0.536,0.11,0.268,0.841,0.423,0.87,0.691,0.282,0.651,0.954,0.106,0.064,0.825,0.887,0.848,0.969,0.706,0.288
A0966,0.341,0.806,0.557,0.529,0.134,0.603,0.516,0.938,0.175,0.613,0.518,0.953,0.775,0.765,0.621,0.691,0.406,0.15,0.054,0.171
A0967,0.065,0.798,0.115,0.736,0.07,0.61,0.923,0.935,0.221,0.148,0.512,0.807,0.397,0.479,0.595,0.983,0.365,0.037,0.829,0.59
A0968,0.614,0.113,0.117,0.742,0.369,0.04,0.421,0.285,0.036,0.849,0.355,0.823,0.766,0.295,0.753,0.095,0.971,0.016,0.57,0.294
A0969,0.523,0.544,0.992,0.366,0.35,0.286,0.891,0.516,0.403,0.632,0.446,0.164,0.591,0.322,0.648,0.088,0.495,0.61,0.828,0.358
A0970,0.659,0.873,0.869,0.863,0.572,0.238,0.175,0.234,0.21,0.512,0.233,0.183,0.537,0.953,0.1,0.828,0.819,0.161,0.12,0.38
A0971,0.184,0.944,0.595,0.993,0.236,0.485,0.842,0.997,0.026,0.414,0.384,0.253,0.493,0.934,0.675,0.382,0.175,0.075,0.102,0.63
A0972,0.536,0.77,0.75,0.017,0.82,0.056,0.437,0.713,0.107,0.206,0.994,0.022,0.303,0.918,0.239,0.122,0.283,0.347,0.734,0.066
A0973,0.041,0.253,0.206,0.797,0.408,0.254,0.848,0.674,0.09,0.91,0.437,0.569,0.373,0.823,0.997,0.065,0.705,0.254,0.872,0.855
A0974,0.972,0.55,0.323,0.747,0.695,0.295,0.211,0.305,0.451,0.591,0.158,0.353,0.141,0.177,0.339,0.568,0.798,0.315,0.077,0.363
A0975,0.225,0.685,0.154,0.023,0.962,0.639,0.074,0.394,0.112,0.06,0.506,0.144,0.595,0.067,0.916,0.249,0.648,0.218,0.074,0.529
A0976,0.201,0.785,0.43,0.558,0.418,0.724,0.347,0.85,0.106,0.648,0.425,0.964,0.097,0.411,0.846,0.306,0.119,0.69,0.394,0.608
A0977,0.115,0.541,0.454,0.308,0.321,0.276,0.738,0.646,0.546,0.57,0.658,0.896,0.997,0.139,0.176,0.22,0.156,0.601,0.033,0.454
A0978,0.862,0.284,0.908,0.576,0.399,0.506,0.458,0.091,0.11,0.982,0.072,0.601,0.493,0.746,0.77,0.398,0.308,0.647,0.524,0.433
A0979,0.858,0.608,0.77,0.124,0.428,0.019,0.874,0.763,0.777,0.293,0.06,0.05,0.942,0.542,0.798,0.737,0.263,0.322,0.151,0.668
A0980,0.782,0.27,0.008,0.787,0.908,0.182,0.991,0.339,0.924,0.301,0.223,0.584,0.709,0.429,0.868,0.922,0.9,0.708,0.581,0.049
A0981,0.813,0.43,0.386,0.38,0.306,0.906,0.843,0.553,0.73,0.036,0.948,0.889,0.136,0.709,0.346,0.441,0.159,0.66,0.855,0.046
A0982,0.491,0.51,0.315,0.891,0.991,0.818,0.194,0.6,0.832,0.827,0.255,0.553,0.556,0.91,0.932,0.016,0.968,0.113,0.317,0.944
A0983,0.552,0.532,0.405,0.003,0.065,0.103,0.691,0.703,0.241,0.162,0.881,0.628,0.811,0.725,0.194,0.206,0.548,0.691,0.603,0.67
A0984,0.445,0.418,0.111,0.896,0.857,0.185,0.242,0.691,0.197,0.584,0.312,0.974,0.761,0.661,0.053,0.583,0.911,0.494,0.014,0.102
A0985,0.766,0.94,0.68,0.944,0.731,0.635,0.054,0.034,0.058,0.111,0.433,0.049,0.883,0.486,0.741,0.387,0.284,0.319,0.74,0.699
A0986,0.892,0.167,0.438,0.289,0.342,0.059,0.523,0.101,0.129,0.272,0.658,0.714,0.757,0.763,0.204,0.099,0.755,0.674,0.517,0.953
A0987,0.935,0.936,0.356,0.598,0.643,0.906,0.634,0.467,0.557,0.375,0.913,0.194,0.075,0.962,0.059,0.038,0.32,0.235,0.391,0.494
A0988,0.068,0.636,0.854,0.193,0.077,0.378,0.25,0.213,0.355,0.142,0.599,0.559,0.139,0.052,0.629,0.229,0.322,0.071,0.499,0.382
A0989,0.137,0.058,0.654,0.446,0.399,0.894,0.114,0.261,0.682,0.32,0.564,0.049,0.049,0.322,0.029,0.403,0.658,0.889,0.424,0.881
A0990,0.766,0.411,0.516,0.591,0.291,0.342,0.537,0.252,0.955,0.068,0.788,0.156,0.933,0.127,0.441,0.027,0.183,0.373,0.391,0.357
A0991,0.243,0.297,0.644,0.417,0.44,0.081,0.192,0.748,0.178,0.512,0.09,0.365,0.299,0.457,0.577,0.878,0.303,0.052,0.76,0.428
A0992,0.417,0.679,0.199,0.537,0.493,0.017,0.045,0.072,0.259,0.329,0.361,0.287,0.892,0.266,0.2,0.248,0.095,0.51,0.515,0.135
A0993,0.566,0.2,0.797,0.455,0.021,0.376,0.532,0.515,0.25,0.182,0.217,0.458,0.81,0.883,0.219,0.469,0.253,0.433,0.079,0.343
A0994,0.536,0.223,0.293,0.603,0.518,0.47,0.523,0.195,0.419,0.355,0.406,0.017,0.559,0.908,0.243,0.078,0.184,0.96,0.697,0.603
A0995,0.911,0.549,0.954,0.998,0.655,0.784,0.317,0.355,0.819,0.283,0.426,0.378,0.158,0.514,0.972,0.289,0.61,0.016,0.472,0.731
A0996,0.542,0.283,0.945,0.387,0.864,0.206,0.684,0.323,0.597,0.045,0.527,0.961,0.046,0.64,0.538,0.386,0.529,0.078,0.969,0.321
A0997,0.571,0.018,0.301,0.376,0.192,0.823,0.404,0.743,0.644,0.992,0.056,0.366,0.956,0.168,0.762,0.197,0.042,0.267,0.149,0.122
A0998,0.919,0.74,0.88,0.95,0.88,0.257,0.828,0.958,0.08,0.113,0.62,0.719,0.541,0.04,0.664,0.999,0.445,0.291,0.471,0.463
A0999,0.826,0.651,0.126,0.214,0.387,0.527,0.61,0.286,0.943,0.608,0.104,0.184,0.9,0.998,0.096,0.287,0.791,0.244,0.609,0.376
A1000,0.552,0.104,0.835,0.553,0.085,0.199,0.714,0.775,0.514,0.556,0.859,0.586,0.393,0.769,0.274,0.36,0.091,0.569,0.736,0.879
